BIBTEXKEY,DATE,TITLE,AUTHOR,JOURNALTITLE,BOOKTITLE,CATEGORY,DOI,EDITOR,PUBLISHER
Hansen2018-HANROA-2,2018,"Review of Avner Baz, the Crisis of Method in Contemporary Analytic Philosophy","Hansen, Nat",Mind,NA,ARTICLE,10.1093/mind/fzy064,,NA
Cova2018-COVBA,2018,Advances in Experimental Philosophy of Aesthetics,NA,NA,NA,BOOK,NA,,Bloomsbury Academic
Cowley-Cunningham2017-COWITP,2017,Introduction to Psychological Criminology: Jury Verdicts and Jury Research Methodology,"Cowley{-}Cunningham, Michelle B.",NA,"Legal Anthropology eJournal, Archives of Vols. 1-3, 2016-18 Vol. 2, Issues 248: December 20,",INCOLLECTION,NA,,NA
Chapman2018-CHATEA-7,2018,The Experimental and the Empirical: Arne Naess' Statistical Approach to Philosophy,"Chapman, Siobhan",British Journal for the History of Philosophy,NA,ARTICLE,10.1080/09608788.2017.1336075,,Routledge
Rose2017-ROSBCA-9,2017,Behavioral Circumscription and the Folk Psychology of Belief: A Study in Ethno-Mentalizing,"Rose, David, Machery, Edouard, Stich, Stephen, Alai, Mario, Angelucci, Adriano, Berniūnas, Renatas, Buchtel, Emma E., Chatterjee, Amita, Cheon, Hyundeuk, Cho, In{-}Rae, Cohnitz, Daniel, Cova, Florian, Dranseika, Vilius, Lagos, Ángeles Eraña, Ghadakpour, Laleh, Grinberg, Maurice",Thought: A Journal of Philosophy,NA,ARTICLE,10.1002/tht3.248,,NA
Meskin2018-MESEPA,2018,Experimental Philosophical Aesthetics as Public Philosophy,"Meskin, Aaron, Liao, Shen{-}yi",NA,Advances in Experimental Philosophy of Aesthetics,INCOLLECTION,NA,,Bloomsbury Academic
Cullen2018-CULWDC,2018,When Do Circumstances Excuse? Moral Prejudices and Beliefs About the True Self Drive Preferences for Agency-Minimizing Explanations,"Cullen, Simon",Cognition,NA,ARTICLE,10.1016/j.cognition.2018.06.021,,NA
Faraci2017-FARGST,2017,"Good Selves, True Selves: Moral Ignorance, Responsibility, and the Presumption of Goodness","Faraci, David, Shoemaker, David",Philosophy and Phenomenological Research,NA,ARTICLE,10.1111/phpr.12470,,NA
Kneer2017-KNEMRA,2017,"Mens Rea Ascription, Expertise and Outcome Effects: Professional Judges Surveyed","Kneer, Markus Https://Orcidorg, Bourgeois{-}Gironde, Sacha",Cognition,NA,ARTICLE,10.1016/j.cognition.2017.08.008,,Elsevier Bv
Sztencel2018-SZTRCW,2018,Reporting Conditionals with Modals,"Sztencel, Magdalena, Duffy, Sarah E.",NA,Indirect Reports and Pragmatics in the World Languages,INCOLLECTION,NA,,Springer Verlag
DeFreitas2018-DEFOBI,2018,Optimality Bias in Moral Judgment,"Freitas, Julian De, Johnson, Samuel G. B.",Journal of Experimental Social Psychology,NA,ARTICLE,NA,,NA
Lim2017-LIMEPA,2017,Experimental Philosophy and Philosophy of Religion,"Lim, Daniel F.",European Journal for Philosophy of Religion,NA,ARTICLE,10.24204/ejpr.v9i3.1985,,NA
Sekowski2018-SKOPKI,2018,Przynależnoś'c Kulturowa I Język. O Metodologicznych Problemach Filozofii Eksperymentalnej,"Sękowski, Krzysztof",Filozofia Nauki,NA,ARTICLE,NA,,NA
Alba2018-ALBFTI,2018,Factors That Impact on Emergency Nurses? Ethical Decision-Making Ability,"Alba, Barbara",Nursing Ethics,NA,ARTICLE,10.1177/0969733016674769,,NA
Pinder2017-PINTED-2,2017,The Explication Defence of Arguments From Reference,"Pinder, Mark",Erkenntnis,NA,ARTICLE,10.1007/s10670-016-9868-9,,Springer Verlag
Elbe2016-ELBTEO,2016,The Effect of an Ethical Decision-Making Training on Young Athletes? Attitudes Toward Doping,"Elbe, Anne{-}Marie, Brand, Ralf",Ethics and Behavior,NA,ARTICLE,10.1080/10508422.2014.976864,,Routledge
Weinberg2016-WEIEPN,2016,"Experimental Philosophy, Noisy Intuitions, and Messy Inferences","Weinberg, Jonathan M.",NA,Advances in Experimental Philosophy \& Philosophical Methodology,INCOLLECTION,NA,,Bloomsbury Academic
Molouki2017-MOLPCA-6,2017,Personal Change and the Continuity of the Self,"Molouki, Sarah, Bartels, Daniel M.",Cognitive Psychology,NA,ARTICLE,10.1016/j.cogpsych.2016.11.006,,NA
Wiegmann2018-WIECTE,2018,Correction To: Empirically Investigating the Concept of Lying,"Wiegmann, Alex, Rutschmann, Ronja, Willemsen, Pascale",Journal of the Indian Council of Philosophical Research,NA,ARTICLE,10.1007/s40961-017-0123-9,,Springer Nature
Stich2016-STIEPA-3,2016,Experimental Philosophy and the Philosophical Tradition,"Stich, Stephen, Tobia, Kevin P.",NA,Blackwell Companion to Experimental Philosophy,INCOLLECTION,NA,,Blackwell
Bagherian2018-BAGAEO,2018,An Evaluation of the Websites of Scientific Journals of Philosophy Based on Indexing Standards of International Information and Citation Databases,"Bagherian, Najmeh",Journal of Philosophical Theological Research,NA,ARTICLE,NA,,NA
Phillips2017-PHITHT-2,2017,True Happiness: The Role of Morality in the Folk Concept of Happiness,"Phillips, Jonathan, Mott, Christian, Freitas, Julian De, Gruber, June, Knobe, Joshua",Journal of Experimental Psychology: General,NA,ARTICLE,10.1037/xge0000252,,NA
Schupbach2016-SCHEPM-2,2016,Experimental Philosophy Meets Formal Epistemology,"Schupbach, Jonah N.",NA,Blackwell Companion to Experimental Philosophy,INCOLLECTION,NA,,Blackwell
Andow2017-ANDAIA-7,2017,Are Intuitions About Moral Relevance Susceptible to Framing Effects?,"Andow, James",Review of Philosophy and Psychology,NA,ARTICLE,10.1007/s13164-017-0352-5,,Springer Verlag
Terbeck2018-TERTEP,2018,"The Experimental Psychology of Moral Enhancement: We Should If We Could, but We Can't","Terbeck, Sylvia, Francis, Kathryn B.",Royal Institute of Philosophy Supplement,NA,ARTICLE,10.1017/s1358246118000413,,NA
Turri2018-TURRNO,2018,Revisiting Norms of Assertion,"Turri, John",Cognition,NA,ARTICLE,10.1016/j.cognition.2018.03.023,,NA
DeBalbian2017-DEBLOH,2017,"Limits of Human Senses, Consciousness and Awareness","Balbian, Ulrich De",NA,NA,BOOK,NA,,Academic Publishers
Beebe2016-BEEDBP,2016,Do Bad People Know More? Interactions Between Attributions of Knowledge and Blame,"Beebe, James R.",Synthese,NA,ARTICLE,10.1007/s11229-015-0872-4,,Springer Nature
Andow2016-ANDI-16,2016,Intuitions,"Andow, James",Analysis,NA,ARTICLE,10.1093/analys/anv062,,Oxford Journals
Crutchfield2017-CRUOAO,2017,Observed Altruism of Dental Students: An Experiment Using the Ultimatum Game,"Crutchfield, Parker, Jarvis, Justin, Olson, Terry",Journal of Dental Education,NA,ARTICLE,NA,,NA
Schupbach2017-SCHEE-14,2017,Experimental Explication,"Schupbach, Jonah N.",Philosophy and Phenomenological Research,NA,ARTICLE,10.1111/phpr.12207,,NA
Weinberg2018-WEIAAI-2,2018,Are Aestheticians' Intuitions Sitting Pretty?,"Weinberg, Jonathan",NA,Advances in Experimental Philosophy of Aesthetics,INCOLLECTION,NA,,Bloomsbury Academic
Michael2017-BARCIA-11,2017,Core Intuitions About Persons Coexist and Interfere with Acquired Christian Beliefs About God,"Michael, Barlev, Spencer, Mermelstein, Tamsin, C. German",Cognitive Science,NA,ARTICLE,10.1111/cogs.12435,,NA
Diaz2017-DAZCSE,2017,Cold Side-Effect Effect: Affect Does Not Mediate the Influence of Moral Considerations in Intentionality Judgments,"Díaz, Rodrigo",Frontiers in Psychology,NA,ARTICLE,NA,,NA
Huebner2016-HUETGM,2016,The Group Mind: In Commonsense Psychology,"Huebner, Bryce",NA,Blackwell Companion to Experimental Philosophy,INCOLLECTION,NA,,Blackwell
Inglis2016-INGDIP,2016,Diversity in Proof Appraisal,"Inglis, Matthew, Aberdein, Andrew",NA,Mathematical Cultures: The London Meetings 2012-2014,INCOLLECTION,NA,,Springer International Publishing
Kusunose2017-KUSAPS-4,2017,"A Preliminary Study Exploring Japanese Public Attitudes Toward the Creation and Utilization of Human-Animal Chimeras: A New Perspective on Animals Containing ""Human Material""","Kusunose, Mayumi, Inoue, Yusuke, Kamisato, Ayako, Muto, Kaori",Asian Bioethics Review,NA,ARTICLE,10.1007/s41649-017-0020-1,,Springer
Berggren2016-BERDBI-2,2016,Does Belief in Objective Morality Lead to Coercion? An Analysis of the Arguments of Kelsen and Buchanan,"Berggren, Niclas",The Review of Austrian Economics,NA,ARTICLE,NA,,NA
Beebe2016-BEEMOA,2016,Moral Objectivism Across the Lifespan,"Beebe, James R., Sackris, David",Philosophical Psychology,NA,ARTICLE,10.1080/09515089.2016.1174843,,NA
Sifnioti2018-SIFEIE,2018,?Experiments? in Ethics,"Sifnioti, Pandora",Proceedings of the XXIII World Congress of Philosophy,NA,ARTICLE,10.5840/wcp23201812371,,NA
Gibea2016-GIBDEE,2016,Does Experimental Ethics Have a Normative Account?,"Gibea, Toni",Balkan Journal of Philosophy,NA,ARTICLE,10.5840/bjp20168110,,NA
Dinges2018-DINAEA,2018,"Anti-Intellectualism, Egocentrism and Bank Case Intuitions","Dinges, Alexander",Philosophical Studies,NA,ARTICLE,10.1007/s11098-017-0984-4,,Springer Verlag
Attwood2018-ATTACO-2,2018,A Comparison of Change Blindness and the Visual Perception of Museum Artefacts in Real-World and on-Screen Scenarios,"Attwood, Jonathan E., Kennard, Christopher, Harris, Jim, Antoniades, Chrystalina A.",NA,Exploring Transdisciplinarity in Art and Sciences,INCOLLECTION,NA,,Springer Verlag
Horne2017-HOROEU,2017,"Ordering Effects, Updating Effects, and the Specter of Global Skepticism","Horne, Zachary, Livengood, Jonathan",Synthese,NA,ARTICLE,10.1007/s11229-015-0985-9,,Springer Nature
Nichols2016-NICRLA-2,2016,Rational Learners and Moral Rules,"Nichols, Shaun, Kumar, Shikhar, Lopez, Theresa, Ayars, Alisabeth, Chan, Hoi{-}Yee",Mind and Language,NA,ARTICLE,10.1111/mila.12119,,Blackwell
Rose2018-ROSFPT-5,2018,From Punishment to Universalism,"Rose, David, Nichols, Shaun",Mind and Language,NA,ARTICLE,10.1111/mila.12191,,Blackwell
May2016-MAYERT,2016,Emotional Reactions to Human Reproductive Cloning,"May, Joshua",Journal of Medical Ethics,NA,ARTICLE,10.1136/medethics-2015-102738,,Bmj
Cowley-Cunningham2017-COWHTH,2017,Hypothesis Testing: How We Foresee Falsification in Competitive Games,"Cowley{-}Cunningham, Michelle",NA,NA,BOOK,NA,,Lambert Academic Publishing
Nanay2017-NANPLT,2017,"Perceptual Learning, the Mere Exposure Effect and Aesthetic Antirealism","Nanay, Bence",Leonardo,NA,ARTICLE,NA,,NA
Pinillos2016-PINEOC,2016,Experiments on Contextualism and Interest Relative Invariantism,"Pinillos, Ángel",NA,Blackwell Companion to Experimental Philosophy,INCOLLECTION,NA,,Blackwell
Li2018-LIMIA,2018,Moral Integrity and Relationship Commitment: An Empirical Examination in a Cross-Cultural Setting,"Li, Fuan, Zhang, Sixue, Yang, Xuelian",Journal of Business Ethics,NA,ARTICLE,10.1007/s10551-016-3246-z,,Springer Verlag
Sarkissian2018-SARNEP,2018,"Neo-Confucianism, Experimental Philosophy and the Trouble with Intuitive Methods","Sarkissian, Hagop",British Journal for the History of Philosophy,NA,ARTICLE,10.1080/09608788.2018.1457510,,Routledge
Buckwalter2017-BUCITT,2017,In the Thick of Moral Motivation,"Buckwalter, Wesley, Turri, John",Review of Philosophy and Psychology,NA,ARTICLE,10.1007/s13164-016-0306-3,,Springer Verlag
Ichikawa2016-ICHIEA,2016,Intuitive Evidence and Experimental Philosophy,"Ichikawa, Jonathan Jenkins",NA,Advances in Experimental Philosophy \& Philosophical Methodology,INCOLLECTION,NA,,Bloomsbury Academic
Fischer2017-EUGSIP,2017,Stereotypical Inferences: Philosophical Relevance and Psycholinguistic Toolkit,"Fischer, Eugen, Engelhardt, Paul E.",Ratio,NA,ARTICLE,10.1111/rati.12174,,NA
Moss2017-MOSEPF,2017,"Experimental Philosophy, Folk Metaethics and Qualitative Methods","Moss, David",Teorema: International Journal of Philosophy,NA,ARTICLE,NA,,Universidad de Oviedo
Buckwalter2016-BUCBCT,2016,Blackwell Companion to Experimental Philosophy,NA,NA,NA,BOOK,NA,,Blackwell
Turri2017-TURDSL,2017,"Descartes?s Schism, Locke?s Reunion: Completing the Pragmatic Turn in Epistemology","Turri, John, Buckwalter, Wesley",American Philosophical Quarterly,NA,ARTICLE,10.2307/44982122,,NA
DeCruz2018-DECRBA,2018,Religious Beliefs and Philosophical Views: A Qualitative Study,"Cruz, Helen De",Res Philosophica,NA,ARTICLE,10.11612/resphil.1644,,NA
Bluhm2016-BLUAPF,2016,Corpus Analysis in Philosophy,"Bluhm, Roland",NA,"Evidence, Experiment, and Argument in Linguistics and the Philosophy of Language",INCOLLECTION,NA,,Peter Lang
Bear2016-BEAWDP,2016,What Do People Find Incompatible with Causal Determinism?,"Bear, Adam, Knobe, Joshua",Cognitive Science,NA,ARTICLE,10.1111/cogs.12314,,NA
Sorell2017-SOREPA-2,2017,Experimental Philosophy and the History of Philosophy,"Sorell, Tom",British Journal for the History of Philosophy,NA,ARTICLE,10.1080/09608788.2017.1320971,,Routledge
DeBalbian2017-DEBSP-4,2017,Seeking Philosophy ? by Words 2 Questions and Fake Problems,"Balbian, Ulrich De",NA,NA,BOOK,NA,,Academic Publishers
Harmon2016-HAREFA-15,2016,Evidence for Anti-Intellectualism About Know-How From a Sentence Recognition Task,"Harmon, Ian, Horne, Zachary",Synthese,NA,ARTICLE,10.1007/s11229-015-0894-y,,Springer Nature
Pence2018-PENHTD,2018,How to Do Digital Philosophy of Science,"Pence, Charles H., Ramsey, Grant",Philosophy of Science,NA,ARTICLE,10.1086/699697,,Philosophy of Science Association
Botero2016-BOTHMS,2016,"How Much Should the People Know? Implications of Methodological Choices in the Study of Intentionality and Blame Ascriptions,","Botero, Maria",Applied Psychology in Criminal Justice,NA,ARTICLE,NA,,NA
Arielli2018-ARIIBI,2018,Is Beauty in the Folk Intuition of the Beholder? Some Thoughts on Experimental Philosophy and Aesthetics,"Arielli, Emanuele",Rivista di Estetica,NA,ARTICLE,10.4000/estetica.3661,,NA
Turri2017-TURCCB-2,2017,Compatibilism Can Be Natural,"Turri, John",Consciousness and Cognition,NA,ARTICLE,10.1016/j.concog.2017.01.018,,Elsevier Bv
Prinz2016-PRIDIA-3,2016,Diachronic Identity and the Moral Self,"Prinz, Jesse, Nichols, Shaun",NA,The Routledge Handbook of Philosophy of the Social Mind,INCOLLECTION,NA,,Routledge
Samuels2016-SAMTCO-15,2016,The Concept of Innateness as an Object of Empirical Enquiry,"Samuels, Richard",NA,Blackwell Companion to Experimental Philosophy,INCOLLECTION,NA,,Blackwell
Cova2018-COVETR,2018,Estimating the Reproducibility of Experimental Philosophy,"Cova, Florian, Strickland, Brent, Abatista, Angela, Allard, Aurélien, Andow, James, Attie, Mario, Beebe, James, Berniūnas, Renatas, Boudesseul, Jordane, Colombo, Matteo, Cushman, Fiery, Diaz, Rodrigo, van Dongen, Noah N?Djaye Nikolai, Dranseika, Vilius, Earp, Brian D., Torres, Antonio Gaitán, Hannikainen, Ivar, Hernández{-}Conde, José V., Hu, Wenjia, Jaquet, François, Khalifa, Kareem, Kim, Hanna, Kneer, Markus, Knobe, Joshua, Kurthy, Miklos, Lantian, Anthony, Liao, Shen{-}yi, Machery, Edouard, Moerenhout, Tania, Mott, Christian, Phelan, Mark, Phillips, Jonathan, Rambharose, Navin, Reuter, Kevin, Romero, Felipe, Sousa, Paulo, Sprenger, Jan, Thalabard, Emile, Tobia, Kevin, Viciana, Hugo, Wilkenfeld, Daniel, Zhou, Xiang",Review of Philosophy and Psychology,NA,ARTICLE,10.1007/s13164-018-0400-9,,Springer Verlag
Murray2017-MUREOM-3,2017,"Effects of Manipulation on Attributions of Causation, Free Will, and Moral Responsibility","Murray, Dylan, Lombrozo, Tania",Cognitive Science,NA,ARTICLE,10.1111/cogs.12338,,NA
Zyglewicz2018-ZYGOAE,2018,Objective and Epistemic Gradability: Is the New Angle on the Knobe Effect Empirically Grounded?,"Zyglewicz, Tomasz, Maćkiewicz, Bartosz",Philosophical Psychology,NA,ARTICLE,10.1080/09515089.2018.1540776,,NA
Feldman2018-FELABO-2,2018,Agency Beliefs Over Time and Across Cultures: Free Will Beliefs Predict Higher Job Satisfaction.,"Feldman, Gilad, Farh, Jiing{-}Lih, Wong, Kin Fai Ellick",Personality and Social Psychology Bulletin,NA,ARTICLE,NA,,NA
Turri2016-TURKCA-2,2016,"Knowledge, Certainty, and Assertion","Turri, John",Philosophical Psychology,NA,ARTICLE,10.1080/09515089.2015.1065314,,NA
Machery2017-MACTGI-5,2017,The Gettier Intuition From South America to Asia,"Machery, Edouard, Stich, Stephen, Rose, David, Alai, Mario, Angelucci, Adriano, Berniūnas, Renatas, Buchtel, Emma E., Chatterjee, Amita, Cheon, Hyundeuk, Cho, In{-}Rae, Cohnitz, Daniel, Cova, Florian, Dranseika, Vilius, Lagos, Ángeles Eraña, Ghadakpour, Laleh, Grinberg, Maurice",Journal of the Indian Council of Philosophical Research,NA,ARTICLE,NA,,NA
Wilkenfeld2018-WILFAO-5,2018,Folk Attributions of Understanding: Is There a Role for Epistemic Luck?,"Wilkenfeld, Daniel A., Plunkett, Dillon, Lombrozo, Tania",Episteme,NA,ARTICLE,10.1017/epi.2016.38,,NA
Berniunas2016-BERATD-9,2016,Are There Different Moral Domains? Evidence From Mongolia,"Berniūnas, Renatas, Dranseika, Vilius, Sousa, Paulo",Asian Journal of Social Psychology,NA,ARTICLE,NA,,NA
Reuter2018-REUNKR,2018,No Knowledge Required,"Reuter, Kevin, Brössel, Peter",Episteme,NA,ARTICLE,10.1017/epi.2018.10,,Springer
Chen2016-CHEDGI,2016,Does Gender Influence Managers? Ethics? A Cross-Cultural Analysis,"Chen, Chung{-}wen, Tuliao, Kristine Velasquez, Cullen, John B., Chang, Yi{-}Ying",Business Ethics: A European Review,NA,ARTICLE,10.1111/beer.12122,,NA
Liao2018-LIAIIA-2,2018,Is Intuition Associated with Ethical Decision-Making?,"Liao, Jen{-}Sheng, Chung, Yen{-}Yi, Huang, Wen{-}Cheng",HTS Theological Studies,NA,ARTICLE,10.4102/hts.v74i1.4961,,NA
Polonioli2018-POLRIE,2018,Reporting in Experimental Philosophy: Current Standards and Recommendations for Future Practice,"Polonioli, Andrea, Vega{-}Mendoza, Mariana, Blankinship, Brittany, Carmel, David",Review of Philosophy and Psychology,NA,ARTICLE,10.1007/s13164-018-0414-3,,Springer Verlag
Haug2017-HAUROT-3,2017,Review of the Oxford Handbook of Philosophical Methodology,"Haug, Matthew",Notre Dame Philosophical Reviews,NA,ARTICLE,NA,,NA
Heiphetz2018-HEIWAI,2018,Who Am I? The Role of Moral Beliefs in Children's and Adults' Understanding of Identity,"Heiphetz, Larisa, Strohminger, Nina, Gelman, Susan, Young, Liane L.",Journal of Experimental Social Psychology,NA,ARTICLE,NA,,NA
Fischer2017-FISWTE,2017,"Wittgensteinian 'Therapy', Experimental Philosophy, and Metaphilosophical Naturalism","Fischer, Eugen",NA,Wittgenstein and Naturalism,INCOLLECTION,NA,,Routledge
Martin2017-MARPAP-23,2017,Persuasion and Pragmatics: An Empirical Test of the Guru Effect Model,"Martin, Jordan S., Summerville, Amy, Wickline, Virginia B.",Review of Philosophy and Psychology,NA,ARTICLE,10.1007/s13164-016-0317-0,,Springer Verlag
Pugh2016-PUGLAT,2016,Lay Attitudes Toward Deception in Medicine: Theoretical Considerations and Empirical Evidence,"Pugh, Jonathan, Kahane, Guy, Maslen, Hannah, Savulescu, Julian",AJOB Empirical Bioethics,NA,ARTICLE,10.1080/23294515.2015.1021494,,Informa Uk
Cohen2018-COHAAO,2018,An Analysis of Recent Empirical Data on ?Ought? Implies ?Can?,"Cohen, Yishai",Philosophia,NA,ARTICLE,10.1007/s11406-017-9892-2,,Springer Verlag
Nado2016-NADEP,2016,Experimental Philosophy 2.,"Nado, Jennifer",Thought: A Journal of Philosophy,NA,ARTICLE,10.1002/tht3.206,,Digital Commons ? Lingnan University
Lerner2016-LERGAE,2016,Generics and Experimental Philosophy,"Lerner, Adam",NA,Blackwell Companion to Experimental Philosophy,INCOLLECTION,NA,,Blackwell
Nado2017-NADHTT,2017,How to Think About Philosophical Methodology,"Nado, Jennifer",Journal of the Indian Council of Philosophical Research,NA,ARTICLE,10.1007/s40961-017-0116-8,,Springer Nature
Demarest2017-DEMSAE-6,2017,Similarity and Enjoyment: Predicting Continuation for Women in Philosophy,"Demarest, Heather, Seth, Robertson, Megan, Haggard, Madeline, Martin{-}Seaver, Jewelle, Bickel",Analysis,NA,ARTICLE,10.1093/analys/anx098,,Oxford University Press (Oup)
Paprzycka-Hausman2018-PAPKOC,2018,Knowledge of Consequences: An Explanation of the Epistemic Side-Effect Effect,"Paprzycka{-}Hausman, Katarzyna",Synthese,NA,ARTICLE,10.1007/s11229-018-01973-1,,Springer Verlag
Bilbrough2018-BILMAT-2,2018,Memory and the True Self: When Moral Knowledge Can and Cannot Be Forgotten,"Bilbrough, André",Essays in Philosophy,NA,ARTICLE,10.7710/1526-0569.1614,,NA
Chudnoff2017-CHUTRO-11,2017,The Reality of the Intuitive,"Chudnoff, Elijah",Inquiry: An Interdisciplinary Journal of Philosophy,NA,ARTICLE,10.1080/0020174x.2016.1220640,,Routledge
Fischer2016-FISILS,2016,"Intuitions' Linguistic Sources: Stereotypes, Intuitions and Illusions","Fischer, Eugen, Engelhardt, Paul E.",Mind and Language,NA,ARTICLE,10.1111/mila.12095,,Blackwell
Arvan2017-ARVEPA,2017,"Experimental Philosophy and the Fate of the Philosopher?s Armchair: Jennifer Nado : Advances in Experimental Philosophy and Philosophical Methodology. London: Bloomsbury, 2016, Vii + 179 Pp, \$95.99 Hb","Arvan, Marcus",Metascience,NA,ARTICLE,10.1007/s11016-016-0134-1,,Springer Verlag
Horne2016-HORMII,2016,Methodological Issues in Epistemology and Moral Psychology,"Horne, Zachary S.",NA,NA,UNPUBLISHED,NA,,NA
Bonard2018-BONLIM,2018,Lost in Musical Translation: A Cross-Cultural Study of Musical Grammar and its Relation to Affective Expression in Two Musical Idioms Between Chennai and Geneva,"Bonard, Constant",NA,Advances in Experimental Philosophy of Aesthetics,INCOLLECTION,NA,,Bloomsbury Academic
Liao2017-LIAAAE,2017,Aesthetic Adjectives: Experimental Semantics and Context-Sensitivity,"Liao, Shen{-}yi, Meskin, Aaron",Philosophy and Phenomenological Research,NA,ARTICLE,10.1111/phpr.12217,,NA
Lindauer2017-MATMJA,2017,Moral Judgment and the Duties of Innocent Beneficiaries of Injustice,"Lindauer, Matthew, Barry, Christian",Review of Philosophy and Psychology,NA,ARTICLE,10.1007/s13164-016-0329-9,,Springer Verlag
Justus2018-JUSFAM,2018,Form and Meaning in Music: Revisiting the Affective Character of the Major and Minor Modes,"Justus, Timothy, Gabriel, Laura, Pfaff, Adela",Auditory Perception and Cognition,NA,ARTICLE,NA,,NA
Alfano2018-ALFIVA,2018,Identifying Virtues and Values Through Obituary Data-Mining,"Alfano, Mark, Higgins, Andrew, Levernier, Jacob",Journal of Value Inquiry,NA,ARTICLE,10.1007/s10790-017-9602-0,,Springer Verlag
DeCruz2017-DECRDA,2017,Religious Disagreement: An Empirical Study Among Academic Philosophers,"Cruz, Helen De",Episteme,NA,ARTICLE,10.1017/epi.2015.50,,NA
Jacobson2018-JACWI,2018,"What is -- or, for That Matter, Isn?T -- ?Experimental' Semantics?","Jacobson, Pauline",NA,The Science of Meaning: Essays on the Metatheory of Natural Language Semantics,INCOLLECTION,NA,,Oxford University Press
Shepherd2017-SHETFP-3,2017,The Folk Psychological Roots of Free Will,"Shepherd, Joshua",NA,Experimental Metaphysics,INCOLLECTION,NA,,Bloomsbury Academic
Murdock2017-MUREAE-6,2017,Exploration and Exploitation of Victorian Science in Darwin?s Reading Notebooks,"Murdock, Jaimie, Allen, Colin, DeDeo, Simon",Cognition,NA,ARTICLE,10.1016/j.cognition.2016.11.012,,Elsevier Bv
Page2018-PAGHDC,2018,"Helen de Cruz and Ryan Nichols : Advances in Religion, Cognitive Science, and Experimental Philosophy: Bloomsbury Press, London, 2016, 221 Pp, \$35.95","Page, Meghan D.",International Journal for Philosophy of Religion,NA,ARTICLE,10.1007/s11153-018-9675-0,,Springer Verlag
Phillips2018-PHITPR-27,2018,The Psychological Representation of Modality,"Phillips, Jonathan, Knobe, Joshua",Mind and Language,NA,ARTICLE,10.1111/mila.12165,,Blackwell
Turri2018-TUREEA-4,2018,"Experimental Epistemology and ""Gettier"" Cases","Turri, John",NA,The Gettier Problem,INCOLLECTION,NA,,Cambridge University Press
Sytsma2017-SYTEPO,2017,Experimental Philosophy of Pain,"Sytsma, Justin, Reuter, Kevin",Journal of the Indian Council of Philosophical Research,NA,ARTICLE,10.1007/s40961-017-0121-y,,Springer Nature
Pinder2017-PINEPV,2017,Experimental Philosophy Vs. Natural Kind Essentialism,"Pinder, Mark",Philosophy Now,NA,ARTICLE,NA,,NA
Climenhaga2018-CLIIAU,2018,Intuitions Are Used as Evidence in Philosophy,"Climenhaga, Nevin",Mind,NA,ARTICLE,10.1093/mind/fzw032,,NA
Alfano2018-ALFEMP,2018,Experimental Moral Philosophy,"Alfano, Mark, Loeb, Don, Plakias, Alex",Stanford Encyclopedia of Philosophy,NA,ARTICLE,NA,,NA
Polzler2018-PLZCTE,2018,Can the Empirical Sciences Contribute to the Moral Realism/Anti-Realism Debate?,"Pölzler, Thomas",Synthese,NA,ARTICLE,10.1007/s11229-017-1434-8,,Springer Verlag
Colombo2016-COLEJP,2016,"Explanatory Judgment, Probability, and Abductive Inference","Colombo, Matteo, Postma, Marie, Sprenger, Jan",NA,Proceedings of the 38th Annual Conference of the Cognitive Science Society (pp. 432-437) Cognitive Science Society.,INCOLLECTION,NA,,Cognitive Science Society
Stokes2016-STOAP-3,2016,Naturalistic Approaches to Creativity,"Stokes, Dustin, Paul, Elliot Samuel",NA,The Blackwell Companion to Experimental Philosophy,INCOLLECTION,NA,,NA
Nichols2016-NICCPA-4,2016,Chinese Philosophy as Experimental Philosophy,"Nichols, Ryan, Sarkissian, Hagop",NA,The Bloomsbury Research Handbook of Chinese Philosophy Methodologies,INCOLLECTION,NA,,Institutional Knowledge at Singapore Management University
Migliorini2017-MIGEDA-2,2017,Eutanasia: Dalle Aporie Al Metodo Pragmatico Dell?Etica Combinatoria,"Migliorini, Damiano",Dialegesthai. Rivista Telematica di Filosofia,NA,ARTICLE,NA,,NA
Weaver2017-WEAIWO,2017,It?s What?s on the Inside That Counts... Or is It? Virtue and the Psychological Criteria of Modesty,"Weaver, Sara, Doucet, Mathieu, Turri, John",Review of Philosophy and Psychology,NA,ARTICLE,10.1007/s13164-017-0333-8,,Springer Verlag
Phillips2017-PHIMCT-2,2017,Morality Constrains the Default Representation of What is Possible,"Phillips, Jonathan, Cushman, Fiery",Proceedings of the National Academy of Sciences of the United States of America,NA,ARTICLE,NA,,NA
Knobe2016-KNOEPI,2016,Experimental Philosophy is Cognitive Science,"Knobe, Joshua",NA,Blackwell Companion to Experimental Philosophy,INCOLLECTION,NA,,Blackwell
Williamson2016-WILPCO-10,2016,Philosophical Criticisms of Experimental Philosophy,"Williamson, Timothy",NA,Blackwell Companion to Experimental Philosophy,INCOLLECTION,NA,,Blackwell
Colombo2017-COLDOJ,2017,"Determinants of Judgments of Explanatory Power: Credibility, Generality, and Statistical Relevance","Colombo, Matteo, Bucher, Leandra, Sprenger, Jan",Frontiers in Psychology,NA,ARTICLE,10.3389/fpsyg.2017.01430,,NA
DeBalbian2017-DEBPP-2,2017,Philosophy = Philo Sophos = Love of Wisdom,"Balbian, Ulrich De",NA,NA,BOOK,NA,,Academic Publishers
Colombo2016-COLEVA,2016,Explanatory Value and Probabilistic Reasoning: An Empirical Study,"Colombo, Matteo, Postma, Marie, Sprenger, Jan",Proceedings of the Cognitive Science Society,NA,ARTICLE,NA,,NA
Robbins2017-ROBVIJ,2017,Variations in Judgments of Intentional Action and Moral Evaluation Across Eight Cultures,"Robbins, Erin, Shepard, Jason, Rochat, Philippe",Cognition,NA,ARTICLE,10.1016/j.cognition.2017.02.012,,Elsevier Bv
Henslee2017-HENAFE,2017,Assessing Freshman Engineering Students? Understanding of Ethical Behavior,"Henslee, Amber M., Murray, Susan L., Olbricht, Gayla R., Ludlow, Douglas K., Hays, Malcolm E., Nelson, Hannah M.",Science and Engineering Ethics,NA,ARTICLE,10.1007/s11948-016-9749-2,,Springer Verlag
Willemsen2016-WILITR-9,2016,Is There Really an Omission Effect?,"Willemsen, Pascale, Reuter, Kevin",Philosophical Psychology,NA,ARTICLE,10.1080/09515089.2016.1225194,,Taylor \& Francis
WBuckwalter2016-WBUTBC,2016,The Blackwell Companion to Experimental Philosophy,NA,NA,NA,BOOK,NA,,NA
Turri2018-TURCAR,2018,Choosing and Refusing: Doxastic Voluntarism and Folk Psychology,"Turri, John, Rose, David, Buckwalter, Wesley",Philosophical Studies,NA,ARTICLE,10.1007/s11098-017-0970-x,,Springer Verlag
Kong2017-KONTCO-6,2017,The Codes of Ethics for Accountants,"Kong, Chen, Fan, Ying Han, Chen, Yan, Jiang, Ruchuan, Taylor, Grantley",Journal of Business Ethics Education,NA,ARTICLE,10.5840/jbee2017146,,NA
Pinillos2016-PINEOC-2,2016,Experiments on Contextualism and Interest Relative Invariantism,"Pinillos, Ángel",NA,Blackwell Companion to Experimental Philosophy,INCOLLECTION,NA,,Blackwell
Gaitan2018-GAIROD-2,2018,Relativism of Distance - a Step in the Naturalization of Meta-Ethics,"Gaitán, Antonio, Viciana, Hugo",Ethical Theory and Moral Practice,NA,ARTICLE,10.1007/s10677-018-9864-z,,Springer Verlag
Willemsen2018-WILOAE-8,2018,Omissions and Expectations: A New Approach to the Things We Failed to Do,"Willemsen, Pascale Https://Orcidorg",Synthese,NA,ARTICLE,10.1007/s11229-016-1284-9,,Springer Nature
Grindrod2017-GRITKA,2017,Third-Person Knowledge Ascriptions: A Crucial Experiment for Contextualism,"Grindrod, Jumbly, Andow, James, Hansen, Nat",Mind and Language,NA,ARTICLE,10.1111/mila.12196,,Wiley-Blackwell
Huxster2017-HUXATP,2017,Attempts to Prime Intellectual Virtues for Understanding of Science: Failures to Inspire Intellectual Effort,"Huxster, Joanna, Hopkins, Melissa, Bresticker, Julia, Leddington, Jason, Slater, Matthew",Philosophical Psychology,NA,ARTICLE,10.1080/09515089.2017.1359245,,NA
Marsili2016-MARLBP-2,2016,Lying by Promising. A Study on Insincere Illocutionary Acts,"Marsili, Neri",International Review of Pragmatics,NA,ARTICLE,10.1163/18773109-00802005,,NA
Feltz2016-FELPAP-5,2016,Personality and Philosophical Bias,"Feltz, Adam, Cokely, Edward T.",NA,Blackwell Companion to Experimental Philosophy,INCOLLECTION,NA,,Blackwell
Tasimi2017-TASDIT,2017,Differences in the Evaluation of Generic Statements About Human and Non-Human Categories,"Tasimi, Arber, Gelman, Susan, Cimpian, Andrei, Knobe, Joshua",Cognitive Science,NA,ARTICLE,10.1111/cogs.12440,,NA
Nancekivell2016-NANOR,2016,Ownership Rights,"Nancekivell, Shaylene, Millar, J. Charles, Summers, Pauline, Friedman, Ori",NA,Blackwell Companion to Experimental Philosophy,INCOLLECTION,NA,,Blackwell
Polzler2017-PLZRFM-2,2017,Revisiting Folk Moral Realism,"Pölzler, Thomas",Review of Philosophy and Psychology,NA,ARTICLE,10.1007/s13164-016-0300-9,,Springer Verlag
Andow2016-ANDRBN-3,2016,Reliable but Not Home Free? What Framing Effects Mean for Moral Intuitions,"Andow, James",Philosophical Psychology,NA,ARTICLE,10.1080/09515089.2016.1168794,,Taylor \& Francis
Pfeifer2017-PFECIC,2017,"Counterfactuals, Indicative Conditionals, and Negation Under Uncertainty: Are There Cross-Cultural Differences?","Pfeifer, Niki, Yama, H.",NA,Proceedings of the 39th Cognitive Science Society Meeting,INCOLLECTION,NA,,NA
Katz2017-KATEMD,2017,Epistemic Modal Disagreement,"Katz, Jonah, Salerno, Joe",Topoi,NA,ARTICLE,10.1007/s11245-015-9363-y,,Springer Verlag
Rusch2016-RUSOE-2,2016,Order Ethics: An Experimental Perspective,"Rusch, Hannes, Uhl, Matthias",NA,Order Ethics: An Ethical Framework for the Social Market Economy,INCOLLECTION,NA,,Springer
Dranseika2017-DRARIA,2017,Relevant Information and Informed Consent in Research: In Defense of the Subjective Standard of Disclosure,"Dranseika, Vilius, Piasecki, Jan, Waligora, Marcin",Science and Engineering Ethics,NA,ARTICLE,10.1007/s11948-016-9755-4,,Springer Verlag
McGuire2016-MCGCOD-3,2016,Can One Decide to Do Something Without Forming an Intention to Do It?,"McGuire, John",Analysis,NA,ARTICLE,10.1093/analys/anw036,,NA
Drozdzowicz2016-DROSIA,2016,Speakers? Intuitions About Meaning Provide Empirical Evidence ? Towards Experimental Pragmatics,"Drożdżowicz, Anna",NA,"Studies in Philosophy of Language and Linguistics, Vol. 3: Evidence, Experiment and Argument in Linguistics and Philosophy of Language",INCOLLECTION,NA,,NA
Cowley-Cunningham2018-COWCEA-2,2018,"Causes, Enablers and the Law","Cowley{-}Cunningham, Michelle B.",NA,"SSRN E-Library Legal Anthropology eJournal, Archives of Vols. 1-3, 2016-2018",INCOLLECTION,NA,,NA
Thorpe2016-THOEPW,2016,"Experimental Philosophy, Williamson?s Expertise Defense of Armchair Philosophy and the Value of the History of Philosophy.","Thorpe, Lucas",NA,"Philosophy at Yeditepe, Special Issue on Method in Philosophy",INCOLLECTION,NA,,NA
VonGrundherr2017-VONSBA,2017,School Bullying and Moral Reasoning Competence,"Grundherr, Michael Von, Geisler, Anja, Stoiber, Manuel, Schäfer, Mechthild",Social Development,NA,ARTICLE,NA,,NA
Gonnerman2018-GONCAE-2,2018,Consciousness and Experimental Philosophy,"Gonnerman, Chad",NA,Routledge Handbook of Consciousness,INCOLLECTION,NA,,Routledge
Kim2018-KIMEPI,2018,Experimental Philosophy: Impossible Metaphors,"Kim, Hanna",Proceedings of the XXIII World Congress of Philosophy,NA,ARTICLE,10.5840/wcp23201838824,,NA
Friedrich2017-FRIPSC,2017,Principle-Based Structured Case Discussions: Do They Foster Moral Competence in Medical Students? - a Pilot Study,"Friedrich, Orsolya, Hemmerling, Kay, Kuehlmeyer, Katja, Nörtemann, Stefanie, Fischer, Martin, Marckmann, Georg",BMC Medical Ethics,NA,ARTICLE,10.1186/s12910-017-0181-1,,Biomed Central
Turri2017-TUREWO,2017,Experimental Work on the Norms of Assertion,"Turri, John",Philosophy Compass,NA,ARTICLE,10.1111/phc3.12425,,Wiley-Blackwell
Wiegmann2016-WIELDT,2016,Lying Despite Telling the Truth,"Wiegmann, Alex, Samland, Jana, Waldmann, Michael R.",Cognition,NA,ARTICLE,10.1016/j.cognition.2016.01.017,,NA
Kneer2018-KNEPAE-3,2018,Perspective and Epistemic State Ascriptions,"Kneer, Markus",Review of Philosophy and Psychology,NA,ARTICLE,10.1007/s13164-017-0361-4,,Springer Verlag
Liao2016-LIAAAL,2016,Aesthetic Adjectives Lack Uniform Behavior,"Liao, Shen{-}yi, McNally, Louise, Meskin, Aaron",Inquiry: An Interdisciplinary Journal of Philosophy,NA,ARTICLE,10.1080/0020174x.2016.1208927,,Routledge
Glass2018-GLATEO-15,2018,The Effect of Age and Size on Reputation of Business Ethics Journals,"Glass, Victor, Cahn, E. Susanna",Business and Society,NA,ARTICLE,10.1177/0007650316635604,,Sage Publications
Sripada2017-SRIEPA,2017,Experimental Philosophy and Moral Theory,"Sripada, Chandra Sekhar",NA,The Routledge Handbook of Metaethics,INCOLLECTION,NA,,Routledge
Fischer2017-FISDEP,2017,Diagnostic Experimental Philosophy,"Fischer, Eugen, Engelhardt, Paul E.",Teorema: International Journal of Philosophy,NA,ARTICLE,NA,,NA
Magelssen2016-MAGATA-3,2016,Attitudes Towards Assisted Dying Are Influenced by Question Wording and Order: A Survey Experiment,"Magelssen, Morten, Supphellen, Magne, Nortvedt, Per, Materstvedt, Lars Johan",BMC Medical Ethics,NA,ARTICLE,10.1186/s12910-016-0107-3,,Biomed Central
Andow2016-ANDQTA-3,2016,Qualitative Tools and Experimental Philosophy,"Andow, James",Philosophical Psychology,NA,ARTICLE,10.1080/09515089.2016.1224826,,Taylor \& Francis
Eigenauer2016-EIGTII,2016,Targeted Instruction in Critical Thinking Improves Dispositions,"Eigenauer, John D.",Inquiry: Critical Thinking Across the Disciplines,NA,ARTICLE,10.5840/inquiryct201631211,,NA
Feltz2016-FELPAP-4,2016,Personality and Philosophical Bias,"Feltz, Adam, Cokely, E. T.",NA,Blackwell Companion to Experimental Philosophy,INCOLLECTION,NA,,Blackwell
Sheskin2018-SHETNO-16,2018,The Needs of the Many Do Not Outweigh the Needs of the Few: The Limits of Individual Sacrifice Across Diverse Cultures,"Sheskin, Mark, Chevallier, Coralie, Adachi, Kuniko, Berniūnas, Renatas, Castelain, Thomas, Hulín, Martin, Lenfesty, Hillary, Regnier, Denis, Sebestény, Anikó, Baumard, Nicolas",Journal of Cognition and Culture,NA,ARTICLE,10.1163/15685373-12340026,,NA
Pickett2018-PICQOO,2018,"Questionable, Objectionable or Criminal? Public Opinion on Data Fraud and Selective Reporting in Science","Pickett, Justin T., Roche, Sean Patrick",Science and Engineering Ethics,NA,ARTICLE,10.1007/s11948-017-9886-2,,Springer Verlag
Murdock2017-MURMCM-2,2017,Multi-Level Computational Methods for Interdisciplinary Research in the Hathitrust Digital Library,"Murdock, Jaimie, Allen, Colin, Börner, Katy, Light, Robert, McAlister, Simon, Ravenscroft, Andrew, Rose, Robert, Rose, Doori, Otsuka, Jun, Bourget, David, Lawrence, John, Reed, Chris",PLoS ONE,NA,ARTICLE,10.1371/journal.pone.0184188,,NA
Kurthy2017-KURDOI-2,2017,Does Ought Imply Can?,"Kurthy, Miklos",PLoS ONE,NA,ARTICLE,NA,,NA
Schupbach2016-SCHEPM-3,2016,Experimental Philosophy Meets Formal Epistemology,"Schupbach, Jonah N.",NA,Blackwell Companion to Experimental Philosophy,INCOLLECTION,NA,,Blackwell
Mercier2016-MERTBO,2016,The Benefits of Argumentation Are Cross-Culturally Robust: The Case of Japan,"Mercier, H., Deguchi, M., der Henst, J.{-}B. Van, Yama, H.",Thinking and Reasoning,NA,ARTICLE,10.1080/13546783.2014.1002534,,NA
Carter2016-CARNKA,2016,Not Knowing a Cat is a Cat: Analyticity and Knowledge Ascriptions,"Carter, J. Adam, Peterson, Martin, van Bezooijen, Bart",Review of Philosophy and Psychology,NA,ARTICLE,10.1007/s13164-015-0279-7,,Springer
Marquardt2016-MARAEA-17,2016,An Experimental Approach to the Evaluation of Business Ethics Training,"Marquardt, Nicki",Journal of Business Ethics Education,NA,ARTICLE,10.5840/jbee2016134,,NA
Monsere2016-MONTCF-2,2016,The Charge From Psychology and Art's Definition,"Monseré, Annelies",Theoria,NA,ARTICLE,10.1111/theo.12093,,Wiley
Kasaki2017-KASPOT-2,2017,Problems of Translation for Cross-Cultural Experimental Philosophy,"Kasaki, Masashi",Journal of the Indian Council of Philosophical Research,NA,ARTICLE,10.1007/s40961-017-0119-5,,Springer Nature
Linford2018-LINIIA-3,2018,"Idolatry, Indifference, and the Scientific Study of Religion: Two New Humean Arguments","Linford, Daniel",Religious Studies,NA,ARTICLE,NA,,NA
Turri2016-TURLUA,2016,"Lying, Uptake, Assertion, and Intent","Turri, Angelo, Turri, John",International Review of Pragmatics,NA,ARTICLE,NA,,NA
VanLeeuwen2016-VANBFA-2,2016,Beyond Fakers and Fanatics: A Reply to Maarten Boudry and Jerry Coyne,"Leeuwen, Neil Van",Philosophical Psychology,NA,ARTICLE,10.1080/09515089.2016.1141400,,NA
Cramer2016-CRAGDI,2016,Group-Level Differences in Visual Search Asymmetry,"Cramer, Emily S., Dusko, Michelle J., Rensink, Ronald A.",Attention Perception and Psychophysics,NA,ARTICLE,NA,,NA
Stuart2017-STUTRC,2017,The Routledge Companion to Thought Experiments,NA,NA,NA,BOOK,NA,,Routledge
Ramsey2016-RAMEAN,2016,Evotext: A New Tool for Analyzing the Biological Sciences,"Ramsey, Grant, Pence, Charles H.",Studies in History and Philosophy of Science Part C: Studies in History and Philosophy of Biological and Biomedical Sciences,NA,ARTICLE,10.1016/j.shpsc.2016.04.003,,Pergamon Press
Weinberg2017-WEIKNA,2017,"Knowledge, Noise, and Curve-Fitting: A Methodological Argument for Jtb?","Weinberg, Jonathan M.",NA,Explaining Knowledge: New Essays on the Gettier Problem,INCOLLECTION,NA,,Oxford University Press
Bagdasarov2017-BAGAKA,2017,"Aristotle, Kant, and ?Facebook? A Look at the Implications of Social Media on Ethics","Bagdasarov, Zhanna, Martin, April, Chauhan, Rahul, Connelly, Shane",Ethics and Behavior,NA,ARTICLE,10.1080/10508422.2016.1269648,,Informa Uk
Andow2018-ANDATA-10,2018,Aesthetic Testimony and Experimental Philosophy,"Andow, James",NA,Advances in Experimental Philosophy of Aesthetics,INCOLLECTION,NA,,Bloomsbury Academic
VanEyghen2018-VANITC-5,2018,Introduction,"Eyghen, Hans Van, Peels, Rik, den Brink, Gijsbert Van",NA,New Developments in the Cognitive Science of Religion - The Rationality of Religious Belief,INCOLLECTION,NA,,Springer
Hannon2018-MICIRJ-2,2018,"Intuitions, Reflective Judgments, and Experimental Philosophy","Hannon, Michael",Synthese,NA,ARTICLE,10.1007/s11229-017-1412-1,,Springer Nature America
Sarkissian2016-SARAOF,2016,Aspects of Folk Morality: Objectivism and Relativism,"Sarkissian, Hagop",NA,Blackwell Companion to Experimental Philosophy,INCOLLECTION,NA,,Blackwell
Hahn2017-HAHCA,2017,Causal Argument,"Hahn, Ulrike, Zenker, Frank, Bluhm, Roland",NA,The Oxford Handbook of Causal Reasoning,INCOLLECTION,NA,,Oxford University Press
Boyd2016-BOYPEA,2016,Pragmatic Encroachment and Epistemically Responsible Action,"Boyd, Kenneth",Synthese,NA,ARTICLE,10.1007/s11229-015-0878-y,,Springer Nature
Krishnamurthy2017-KRITUO-5,2017,The Underrepresentation of Women in Prestigious Ethics Journals,"Krishnamurthy, Meena, Liao, Shen{-}yi, Deveaux, Monique, Dalecki, Maggie",Hypatia,NA,ARTICLE,10.1111/hypa.12351,,NA
Sytsma2016-SYTRTS,2016,"Rethinking the Scope of Experimental Philosophy: Eugen Fischer and John Collins : Experimental Philosophy, Rationalism, and Naturalism: Rethinking Philosophical Method. London: Routledge, 2015, 302Pp, \$54.95 Pb, \$155.00 Hb","Sytsma, Justin",Metascience,NA,ARTICLE,10.1007/s11016-016-0090-9,,Springer Verlag
Ashton2018-ASHITI,2018,Intuition Talk is Not Methodologically Cheap: Empirically Testing the ?Received Wisdom? About Armchair Philosophy,"Ashton, Zoe, Mizrahi, Moti",Erkenntnis,NA,ARTICLE,10.1007/s10670-017-9904-4,,Springer Verlag
Hannikainen2017-HANADW-4,2017,A Deterministic Worldview Promotes Approval of State Paternalism,"Hannikainen, Ivar, Cabral, Gabriel, Machery, Edouard, Struchiner, Noel",Journal of Experimental Social Psychology,NA,ARTICLE,NA,,NA
Buckwalter2017-BUCECA-4,2017,Epistemic Contextualism and Linguistic Behavior,"Buckwalter, Wesley",NA,The Routledge Handbook of Epistemic Contextualism,INCOLLECTION,NA,,Routledge
Andow2017-ANDI-37,2017,Introduction,"Andow, James",Ratio,NA,ARTICLE,10.1111/rati.12167,,Wiley
Drozdzowicz2018-DROMPB,2018,"Must Philosophy Be Constrained?: Edouard Machery: Philosophy Within its Proper Bounds. Oxford: Oxford University Press, 2017, 217Pp, \pounds40.00Hb","Drożdżowicz, Anna, Saint{-}Germier, Pierre, Schindler, Samuel",Metascience,NA,ARTICLE,10.1007/s11016-018-0318-y,,Springer Verlag
Kissinger-Knox2018-KISOIC,2018,"""Ought Implies Can,? Framing Effects, and ""Empirical Refutations""","Kissinger{-}Knox, Alicia, Aragon, Patrick, Mizrahi, Moti",Philosophia,NA,ARTICLE,10.1007/s11406-017-9907-z,,Springer Verlag
Machery2017-MACTGI-6,2017,The Gettier Intuition From South America to Asia,"Machery, Edouard, Stich, Stephen, Rose, David, Alai, Mario, Angelucci, Adriano, Berniūnas, Renatas, Buchtel, Emma E., Chatterjee, Amita, Cheon, Hyundeuk, Cho, In{-}Rae, Cohnitz, Daniel, Cova, Florian, Dranseika, Vilius, Lagos, Ángeles Eraña, Ghadakpour, Laleh, Grinberg, Maurice, Hannikainen, Ivar, Hashimoto, Takaaki, Horowitz, Amir, Hristova, Evgeniya, Jraissati, Yasmina, Kadreva, Veselina, Karasawa, Kaori, Kim, Hackjin, Kim, Yeonjeong, Lee, Minwoo, Mauro, Carlos, Mizumoto, Masaharu, Moruzzi, Sebastiano, Olivola, Christopher Y., Ornelas, Jorge, Osimani, Barbara, Romero, Carlos, Lopez, Alejandro Rosas, Sangoi, Massimo, Sereni, Andrea, Songhorian, Sarah, Sousa, Paulo, Struchiner, Noel, Tripodi, Vera, Usui, Naoki, del Mercado, Alejandro Vázquez, Volpe, Giorgio, Vosgerichian, Hrag Abraham, Zhang, Xueyi, Zhu, Jing",Journal of Indian Council of Philosophical Research,NA,ARTICLE,10.1007/s40961-017-0113-y,,Springer Nature
Watts2018-WATMGT,2018,Meeting Galileo: Testing the Effectiveness of an Immersive Video Game to Teach History and Philosophy of Science to Undergraduates,"Watts, Logan L., Barker, Peter",Transversal: International Journal for the Historiography of Science,NA,ARTICLE,10.24117/2526-2270.2018.i5.10,,NA
Gao2017-GAODCH,2017,Does Contextualism Hinge on a Methodological Dispute?,"Gao, Jie, Gerken, Mikkel, Ryan, Stephen B.",NA,The Routledge Handbook of Epistemic Contextualism,INCOLLECTION,NA,,Routledge
Paul2016-PAUEMA-4,2016,"Experience, Metaphysics, and Cognitive Science","Paul, L. A.",NA,Blackwell Companion to Experimental Philosophy,INCOLLECTION,NA,,Blackwell
Ebert2017-EBELJA,2017,Lottery Judgments: A Philosophical and Experimental Study,"Ebert, Philip A., Smith, Martin, Durbach, Ian",Philosophical Psychology,NA,ARTICLE,10.1080/09515089.2017.1367767,,Informa Uk
Black2017-BLAMTU,2017,Measuring the Unimaginable: Imaginative Resistance to Fiction and Related Constructs,"Black, Jessica, Barnes, Jennifer",Personality and Individual Differences,NA,ARTICLE,NA,,NA
Stich2016-STIEPA-2,2016,Experimental Philosophy and the Philosophical Tradition,"Stich, Stephen, Tobia, Kevin P.",NA,Blackwell Companion to Experimental Philosophy,INCOLLECTION,NA,,Blackwell
Thorpe2018-THOEPW-2,2018,"Experimental Philosophy, Williamson?s Expertise Defense of Armchair Philosophy and the Value of the History of Philosophy.","Thorpe, Lucas",NA,Philosophy at Yeditepe: Special Issue on Philosophical Methodology,INCOLLECTION,NA,,NA
Lee2017-LEEEII,2017,Experimental Investigation Into the Role of Trust in Collusion,"Lee, Wing Shing, Chuang, Yuan{-}Hsien",Business Ethics: A European Review,NA,ARTICLE,10.1111/beer.12175,,NA
Watson2017-WATWAT-5,2017,Why Ask: The Epistemology of Questioning,"Watson, Lani Hayley Marie",NA,NA,UNPUBLISHED,NA,,The University of Edinburgh
Turri2016-TURKJI,2016,Knowledge Judgments in ?Gettier? Cases,"Turri, John",NA,Blackwell Companion to Experimental Philosophy,INCOLLECTION,NA,,Blackwell
Beebe2018-BEEOFE,2018,On Folk Epistemology by Mikkel Gerken,"Beebe, James R.",Notre Dame Philosophical Reviews,NA,ARTICLE,NA,,NA
DeFreitas2018-DEFCBI-2,2018,Consistent Belief in a Good True Self in Misanthropes and Three Interdependent Cultures,"Freitas, Julian De, Sarkissian, Hagop, Newman, George E., Grossmann, Igor, Brigard, Felipe De, Luco, Andres, Knobe, Joshua",Cognitive Science,NA,ARTICLE,10.1111/cogs.12505,,NA
Hannon2017-HANSAM-3,2017,Skepticism About Meta-Skepticism: Meditations on Experimental Philosophy,"Hannon, Michael",Episteme,NA,ARTICLE,10.1017/epi.2016.6,,NA
Kamber2018-KAMWIT-5,2018,Why is That Art?,"Kamber, Richard, Enoch, Taylor",NA,Advances in Experimental Philosophy of Aesthetics,INCOLLECTION,NA,,Bloomsbury Academic
Kneer2018-KNETNO-2,2018,The Norm of Assertion: Empirical Data,"Kneer, Markus",Cognition,NA,ARTICLE,10.1016/j.cognition.2018.03.020,,Elsevier
Heiphetz2016-HEITRO-19,2016,"The Role of Moral Beliefs, Memories, and Preferences in Representations of Identity","Heiphetz, Larisa, Strohminger, Nina, Young, Liane L.",Cognitive Science,NA,ARTICLE,10.1111/cogs.12354,,NA
Chartrand2017-CHALPE-9,2017,La Philosophie Entre Intuition Et Empirie: Comment les Études du Texte Peuvent Contribuer À Renouveler la Réflexion Philosophique,"Chartrand, Louis",Artichaud Magazine,NA,ARTICLE,NA,,NA
Bjornsson2016-BJRTAE,2016,Traditional and Experimental Approaches to Free Will and Moral Responsibility,"Björnsson, Gunnar, Pereboom, Derk",NA,Blackwell Companion to Experimental Philosophy,INCOLLECTION,NA,,Blackwell
Izumi2018-IZUDDA,2018,Definite Descriptions and the Alleged East?West Variation in Judgments About Reference,"Izumi, Yu, Kasaki, Masashi, Zhou, Yan, Oda, Sobei",Philosophical Studies,NA,ARTICLE,10.1007/s11098-017-0902-9,,Springer Verlag
Hindriks2016-HINANA-2,2016,"A New Angle on the Knobe Effect: Intentionality Correlates with Blame, Not with Praise","Hindriks, Frank, Douven, Igor, Singmann, Henrik",Mind and Language,NA,ARTICLE,10.1111/mila.12101,,Blackwell
Bartel2018-BARTOO-18,2018,The Ontology of Musical Works and the Role of Intuitions: An Experimental Study,"Bartel, Christopher",European Journal of Philosophy,NA,ARTICLE,10.1111/ejop.12247,,NA
Heiphetz2016-HEIHCA,2016,How Children and Adults Represent God's Mind,"Heiphetz, Larisa, Lane, Jonathan D., Waytz, Adam, Young, Liane L.",Cognitive Science,NA,ARTICLE,10.1111/cogs.12232,,NA
Beverley2017-BEVJOM,2017,Judgments of Moral Responsibility in Tissue Donation Cases,"Beverley, John, Beebe, James",Bioethics,NA,ARTICLE,10.1111/bioe.12412,,NA
Heck2018-HECSRS,2018,"Speaker?s Reference, Semantic Reference, and Intuition","Heck, Richard G.",Review of Philosophy and Psychology,NA,ARTICLE,10.1007/s13164-017-0362-3,,Springer Verlag
Faber2016-FABWIC,2016,"Why is Cognitive Enhancement Deemed Unacceptable? The Role of Fairness, Deservingness, and Hollow Achievements","Faber, Nadira S., Savulescu, Julian, Douglas, Thomas",Frontiers in Psychology,NA,ARTICLE,10.3389/fpsyg.2016.00232,,NA
Cowley-Cunningham2016-COWCMH-2,2016,Chess Masters' Hypothesis Testing in Games of Dynamic Equilibrium,"Cowley{-}Cunningham, Michelle B.",NA,"SSRN Econometrics: Econometric and Statistical Methods ? General eJournal, Vol. 9, Issue 5: Jan 12, 2016",INCOLLECTION,NA,,NA
Mandel2018-MANCSA-4,2018,Cognitive Style and Frame Susceptibility in Decision-Making,"Mandel, David R., Kapler, Irina V.",Frontiers in Psychology,NA,ARTICLE,10.3389/fpsyg.2018.01461,,NA
Thornton2016-THOTJE,2016,"The Joint Effects of Justice Climate, Group Moral Identity, and Corporate Social Responsibility on the Prosocial and Deviant Behaviors of Groups","Thornton, Meghan A., Rupp, Deborah E.",Journal of Business Ethics,NA,ARTICLE,10.1007/s10551-015-2748-4,,Springer Nature
Turri2017-TURKAA-2,2017,Knowledge Attributions and Behavioral Predictions,"Turri, John",Cognitive Science,NA,ARTICLE,10.1111/cogs.12469,,NA
Ziokowki2017-ZIKTRO-4,2017,"The Reference of Proper Names, Semantic Intuitions, and Experimental Philosophy","Ziól{}kowki, Adrian",Studia Semiotyczne--English Supplement,NA,ARTICLE,NA,,Polskie Towarzystwo Semiotyczne
Barrett2016-BARSSE,2016,Small-Scale Societies Exhibit Fundamental Variation in the Role of Intentions in Moral Judgment,"Barrett, H. Clark, Bolyanatz, Alexander, Crittenden, Alyssa N., Fessler, Daniel M. T., Fitzpatrick, Simon, Gurven, Michael, Henrich, Joseph, Kanovsky, Martin, Kushnick, Geoff, Pisor, Anne, Scelza, Brooke A., Stich, Stephen, von Rueden, Chris, Zhao, Wanying, Laurence, Stephen",Proceedings of the National Academy of Sciences,NA,ARTICLE,NA,,NA
Telech2016-TELNAM,2016,Nietzsche and Moral Psychology,"Telech, Daniel, Leiter, Brian",NA,Blackwell Companion to Experimental Philosophy,INCOLLECTION,NA,,Blackwell
Turri2017-TURECA,2017,Epistemic Contextualism: An Idle Hypothesis,"Turri, John",Australasian Journal of Philosophy,NA,ARTICLE,10.1080/00048402.2016.1153684,,Routledge
Knobe2017-KNOGE,2017,Guest Editorial,"Knobe, Joshua, Machery, Edouard, Stich, Stephen",Journal of the Indian Council of Philosophical Research,NA,ARTICLE,10.1007/s40961-017-0122-x,,Springer Nature
Neiders2018-NEIIDO,2018,In Defense of a Pluralistic Policy on the Determination of Death,"Neiders, Ivars, Dranseika, Vilius",Ethics and Bioethics (in Central Europe),NA,ARTICLE,10.2478/ebce-2018-0016,,Sciendo
Shtulman2016-SHTAOG,2016,Attributes of God: Conceptual Foundations of a Foundational Belief,"Shtulman, Andrew, Lindeman, Marjaana",Cognitive Science,NA,ARTICLE,10.1111/cogs.12253,,NA
Ludwig2017-LUDTEI,2017,Thought Experiments in Experimental Philosophy,"Ludwig, Kirk",NA,The Routledge Companion to Thought Experiments,INCOLLECTION,NA,,Routledge
Matthew2017-FISTIO-15,2017,The Influence of Social Interaction on Intuitions of Objectivity and Subjectivity,"Matthew, Fisher, Joshua, Knobe, Brent, Strickland, Frank, C. Keil",Cognitive Science,NA,ARTICLE,10.1111/cogs.12380,,NA
Rubio-Fernandez2017-RUBIAA-2,2017,Is an Apple Like a Fruit? A Study on Comparison and Categorisation Statements,"Rubio{-}Fernández, Paula, Geurts, Bart, Cummins, Chris",Review of Philosophy and Psychology,NA,ARTICLE,10.1007/s13164-016-0305-4,,Springer Verlag
Almassi2016-ALMTFC-2,2016,Toxic Funding? Conflicts of Interest and Their Epistemological Significance,"Almassi, Ben",Journal of Applied Philosophy,NA,ARTICLE,10.1111/japp.12180,,NA
Tulkki2017-PFECCA-2,2017,"Conditionals, Counterfactuals, and Rational Reasoning: An Experimental Study on Basic Principles","Tulkki, Leena, Pfeifer, Niki",Minds and Machines,NA,ARTICLE,10.1007/s11023-017-9425-6,,Springer Verlag
Friedman2018-FRIMCS,2018,"Mapping Cognitive Structure Onto the Landscape of Philosophical Debate: An Empirical Framework with Relevance to Problems of Consciousness, Free Will and Ethics","Friedman, Jared P., Jack, Anthony I.",Review of Philosophy and Psychology,NA,ARTICLE,10.1007/s13164-017-0351-6,,Springer Verlag
Mizumoto2018-MIZASL-3,2018,"A Simple Linguistic Approach to the Knobe Effect, or the Knobe Effect Without Any Vignette","Mizumoto, Masaharu",Philosophical Studies,NA,ARTICLE,10.1007/s11098-017-0926-1,,Springer Verlag
Kleiter2018-KLEAPM-2,2018,A Process Model of the Understanding of Uncertain Conditionals,"Kleiter, Gernot D., Fugard, Andrew J. B., Pfeifer, Niki",Thinking and Reasoning,NA,ARTICLE,10.1080/13546783.2017.1422542,,NA
Croce2017-CROTWA-3,2017,Testing What?s at Stake: Defending Stakes Effects for Testimony,"Croce, Michel, Poenicke, Paul",Teorema: International Journal of Philosophy,NA,ARTICLE,NA,,NA
Livengood2016-LIVEPA,2016,Experimental Philosophy and Causal Attribution,"Livengood, Jonathan, Rose, David",NA,Blackwell Companion to Experimental Philosophy,INCOLLECTION,NA,,Blackwell
Nagel2016-NAGAEP,2016,Armchair-Friendly Experimental Philosophy,"Nagel, Jennifer, Mortensen, Kaija",NA,Blackwell Companion to Experimental Philosophy,INCOLLECTION,NA,,Blackwell
Tarasov2018-TARWWN,2018,Why We Need Corpus Linguistics in Intuition-Based Semantics,"Tarasov, Leonid",Grazer Philosophische Studien,NA,ARTICLE,10.1163/18756735-000052,,NA
Ramirez2018-RAMEAE,2018,Ecological and Ethical Issues in Virtual Reality Research: A Call for Increased Scrutiny,"Ramirez, Erick Jose",Philosophical Psychology,NA,ARTICLE,10.1080/09515089.2018.1532073,,NA
Kim2018-KIMTCO-13,2018,The Content-Dependence of Imaginative Resistance,"Kim, Hanna, Kneer, Markus, Stuart, Michael T.",NA,Advances in Experimental Philosophy of Aesthetics,INCOLLECTION,NA,,Bloomsbury Academic
Berniunas2016-BERFCO,2016,Folk Concepts of Person and Identity: A Response to Nichols and Bruno,"Berniūnas, Renatas, Dranseika, Vilius",Philosophical Psychology,NA,ARTICLE,10.1080/09515089.2014.986325,,NA
Godman2017-GODOBA,2017,On Blaming and Punishing Psychopaths,"Godman, Marion, Jefferson, Anneli",Criminal Law and Philosophy,NA,ARTICLE,10.1007/s11572-014-9340-3,,Springer Verlag
Lynch2016-LYNTMO-2,2016,"The Myth of the Intuitive: Experimental Philosophy and Philosophical Method, by Max Deutsch (MIT Press, 2015).","Lynch, Kevin",Philosophical Psychology,NA,ARTICLE,10.1080/09515089.2016.1216093,,NA
Gonnerman2018-GONTOC,2018,The Ordinary Concept of Knowledge How,"Gonnerman, Chad, Mortensen, Kaija, Robbins, Jacob",NA,"Oxford Studies in Experimental Philosophy, Volume 2",INCOLLECTION,NA,,Oxford University Press
Hansen2018-HANNWR,2018,?Nobody Would Really Talk That Way!?: The Critical Project in Contemporary Ordinary Language Philosophy,"Hansen, Nat",Synthese,NA,ARTICLE,10.1007/s11229-018-1812-x,,Springer Verlag
Andow2017-ANDDNT,2017,Do Non-Philosophers Think Epistemic Consequentialism is Counterintuitive?,"Andow, James",Synthese,NA,ARTICLE,10.1007/s11229-016-1071-7,,Springer
Mizumoto2017-MIZKAJ,2017,?Know? and Japanese Counterparts? ?Shitte-Iru? and ?Wakatte-Iru?,"Mizumoto, Masaharu",NA,Epistemology for the rest of the world,INCOLLECTION,NA,,Oxford University Press
Kneer2017-KNERAP,2017,Relativism About Predicates of Personal Taste and Perspectival Plurality,"Kneer, Markus Https://Orcidorg, Vicente, Agustin, Zeman, Dan",Linguistics and Philosophy,NA,ARTICLE,10.1007/s10988-016-9198-z,,Springer Verlag
Buckwalter2016-BUCGIT,2016,"General Introduction to ""a Companion to Experimental Philosophy""","Buckwalter, Wesley, Sytsma, Justin",NA,Blackwell Companion to Experimental Philosophy,INCOLLECTION,NA,,Blackwell
Turri2017-TURECA-2,2017,"Experimental, Cross-Cultural, and Classical Indian Epistemology","Turri, John",Journal of Indian Council of Philosophical Research,NA,ARTICLE,10.1007/s40961-017-0117-7,,Springer Nature
Rutschmann2017-RUTNNF,2017,No Need for an Intention to Deceive? Challenging the Traditional Definition of Lying,"Rutschmann, Ronja, Wiegmann, Alex",Philosophical Psychology,NA,ARTICLE,10.1080/09515089.2016.1277382,,NA
Solum2016-SOLESM,2016,Enhancing Students? Moral Competence in Practice,"Solum, Eva Merethe, Maluwa, Veronica Mary, Tveit, Bodil, Severinsson, Elisabeth",Nursing Ethics,NA,ARTICLE,10.1177/0969733015580811,,Sage Publications
DeCruz2016-DECAIR,2016,"Advances in Religion, Cognitive Science, and Experimental Philosophy",NA,NA,NA,BOOK,NA,,Bloomsbury Academic
Peels2018-PEECSO-2,2018,Cognitive Science of Religion and the Cognitive Consequences of Sin,"Peels, Rik, van Eyghen, Hans, van den Brink, Gijsbert",NA,New Developments in the Cognitive Science of Religion - The Rationality of Religious Belief,INCOLLECTION,NA,,Springer
Kamber2016-KAMROT-3,2016,"Review of ""the Myth of the Intuitive: Experimental Philosophy and Philosophical Method""","Kamber, Richard",Essays in Philosophy,NA,ARTICLE,10.7710/1526-0569.1549,,NA
Colombo2017-COLEPO-3,2017,Experimental Philosophy of Explanation Rising: The Case for a Plurality of Concepts of Explanation,"Colombo, Matteo",Cognitive Science,NA,ARTICLE,10.1111/cogs.12340,,NA
Shields2016-SHIMIA,2016,"Moral Internalism, Amoralist Skepticism and the Factivity Effect","Shields, Kenneth",Philosophical Psychology,NA,ARTICLE,10.1080/09515089.2016.1234596,,NA
Nado2016-NADAIE,2016,Advances in Experimental Philosophy \& Philosophical Methodology,NA,NA,NA,BOOK,NA,,Bloomsbury Academic
Polunin2018-POLEPN,2018,Experimental Philosophy: New Branch in Philosophy and New Possibilities for Interdisciplinary Research,"Polunin, Oleksiy V.","\CYRV\cyrii\cyrs\cyrn\cyri\cyrk \CYRH\cyra\cyrr\cyrk\cyrii\cyrv\cyrs\cyrsftsn\cyrk\cyro\cyrg\cyro \CYRN\cyra\cyrc\cyrii\cyro\cyrn\cyra\cyrl\cyrsftsn\cyrn\cyro\cyrg\cyro \CYRU\cyrn\cyrii\cyrv\cyre\cyrr\cyrs\cyri\cyrt\cyre\cyrt\cyru \CYRII\cyrm\cyre\cyrn\cyrii \CYRV.\CYRN. \CYRK\cyra\cyrr\cyra\cyrz\cyrii\cyrn\cyra. \CYRS\cyre\cyrr\cyrii\cyrya \CYRF\cyrii\cyrl\cyro\cyrs\cyro\cyrf\cyrii\cyrya, \CYRF\cyrii\cyrl\cyro\cyrs\cyro\cyrf\cyrs\cyrsftsn\cyrk\cyrii \CYRP\cyre\cyrr\cyri\cyrp\cyre\cyrt\cyrii\cyryi",NA,ARTICLE,10.26565/2226-0994-2018-58-2,,V.N. Karazin Kharkiv National University Publishing
Lombrozo2018-LOMOSI-2,2018,"Oxford Studies in Experimental Philosophy, Volume 2",NA,NA,NA,BOOK,NA,,Oxford University Press
Kauppinen2018-KAUWAO,2018,Who's Afraid of Trolleys?,"Kauppinen, Antti",NA,Methodology and Moral Philosophy,INCOLLECTION,NA,,Routledge
Stich2017-STIMEF,2017,Manifesto (Epistemology for the Rest of the World),"Stich, Stephen, Mizumoto, Masaharu",NA,Epistemology for the rest of the world,INCOLLECTION,NA,,Oxford University Press
Maynes2017-MAYOTS-2,2017,On the Stakes of Experimental Philosophy,"Maynes, Jeffrey",Teorema: International Journal of Philosophy,NA,ARTICLE,NA,,NA
Fischer2018-FISTMO-20,2018,The Myth of the Intuitive: Experimental Philosophy and Philosophical Method,"Fischer, Eugen",Philosophical Review,NA,ARTICLE,10.1215/00318108-6718846,,NA
Turri2016-TURHTD-2,2016,How to Do Better: Toward Normalizing Experimentation in Epistemology,"Turri, John",NA,Advances in Experimental Philosophy \& Philosophical Methodology,INCOLLECTION,NA,,Bloomsbury Academic
Reuter2017-REUTDC,2017,The Developmental Challenge to the Paradox of Pain,"Reuter, Kevin",Erkenntnis,NA,ARTICLE,10.1007/s10670-016-9816-8,,Springer Verlag
Gerken2017-GEROFE,2017,On Folk Epistemology. How We Think and Talk About Knowledge,"Gerken, Mikkel",NA,NA,BOOK,NA,,Oxford University Press
Pinder2016-PINAIE,2016,Advances in Experimental Philosophy of Language,"Pinder, Mark",Philosophical Quarterly,NA,ARTICLE,10.1093/pq/pqv102,,Oxford University Press (Oup)
Liao2016-LIAAPG,2016,Are Philosophers Good Intuition Predictors?,"Liao, Shen{-}yi",Philosophical Psychology,NA,ARTICLE,10.1080/09515089.2016.1194971,,NA
Stanley2017-STAINT,2017,I?M Not the Person I Used to Be: The Self and Autobiographical Memories of Immoral Actions,"Stanley, Matthew L., Henne, Paul, Iyengar, Vijeth, Sinnott{-}Armstrong, Walter, Brigard, Felipe De",Journal of Experimental Psychology. General,NA,ARTICLE,10.1037/xge0000317,,NA
DelPinal2017-DELSCC,2017,"Stereotypes, Conceptual Centrality and Gender Bias: An Empirical Investigation","Pinal, Guillermo Del, Madva, Alex, Reuter, Kevin Https://Orcidorg",Ratio,NA,ARTICLE,10.1111/rati.12170,,Wiley-Blackwell Publishing
Turri2016-TURVKA,2016,"Vision, Knowledge, and Assertion","Turri, John",Consciousness and Cognition,NA,ARTICLE,10.1016/j.concog.2016.01.004,,Elsevier Bv
Beebe2016-BEEEEO,2016,Evaluative Effects on Knowledge Attributions,"Beebe, James R.",NA,Blackwell Companion to Experimental Philosophy,INCOLLECTION,NA,,Blackwell
Kriegel2017-KRIMAC-2,2017,Metaphysics and Conceptual Analysis: Experimental Philosophy's Place Under the Sun,"Kriegel, Uriah",NA,Experimental Metaphysics,INCOLLECTION,NA,,Bloomsbury Academic
Ziokowski2017-ZIKTRO-2,2017,"The Reference of Proper Names, Semantic Intuitions, and Experimental Philosophy","Ziól{}kowski, Adrian",Studia Semiotyczne - English Supplement,NA,ARTICLE,NA,,NA
Blouw2017-BLOGCA,2017,Gettier Cases: A Taxonomy,"Blouw, Peter, Buckwalter, Wesley, Turri, John",NA,Explaining Knowledge: New Essays on the Gettier Problem,INCOLLECTION,NA,,Oxford University Press
VanEyghen2016-VANRBI,2016,Religious Belief is Not Natural. Why Cognitive Science of Religion Does Not Show That Religious Belief is Rational.,"Eyghen, Hans Van",Studia Humana,NA,ARTICLE,10.1515/sh-2016-0022,,Walter de Gruyter
Lewis2017-LEWBEA,2017,"Bioethics, Experimental Approaches","Lewis, Jonathan, Demaree{-}Cotton, Joanna, Earp, Brian",NA,Encyclopedia of the Philosophy of Law and Social Philosophy,INCOLLECTION,NA,,Springer
Arora2016-AROTIC,2016,The Intensive Care Lifeboat: A Survey of Lay Attitudes to Rationing Dilemmas in Neonatal Intensive Care,"Arora, C., Savulescu, J., Maslen, H., Selgelid, M., Wilkinson, D.",BMC Medical Ethics,NA,ARTICLE,10.1186/s12910-016-0152-y,,Biomed Central
Li2018-LIWII,2018,What is in a Name?: The Development of Cross-Cultural Differences in Referential Intuitions,"Li, Jincai, Longgen, Liu, Chalmers, Elizabeth, Snedeker, Jesse",Cognition,NA,ARTICLE,10.1016/j.cognition.2017.10.022,,NA
Wesley2018-WESMSI-2,2018,Moderate Scientism in Philosophy,"Wesley, Buckwalter, Turri, John",NA,Scientism: Prospects and Problems,INCOLLECTION,NA,,Oxford University Press
Bensusan2017-BENNAD-5,2017,Na Abund'ncia Das Intuiç~{o}es Filosofia Experimental Negativa e a Orientaç~{a}o Do Pensamento,"Bensusan, Hilan",Analytica. Revista de Filosofia,NA,ARTICLE,10.35920/arf.v20i2.13939,,NA
Butkovic2018-BUTAIE,2018,Advances in Experimental Philosophy and Philosophical Methodology,"Butković, Ana",Croatian Journal of Philosophy,NA,ARTICLE,NA,,NA
Buckwalter2016-BUCIFP-2,2016,Intuition Fail: Philosophical Activity and the Limits of Expertise,"Buckwalter, Wesley",Philosophy and Phenomenological Research,NA,ARTICLE,10.1111/phpr.12147,,NA
Wildermuth2017-WILCOE-4,2017,Circles of Ethics: The Impact of Proximity on Moral Reasoning,"Wildermuth, Cristina, Souza, Carlos A. De Mello E., Kozitza, Timothy",Journal of Business Ethics,NA,ARTICLE,10.1007/s10551-015-2635-z,,Springer Nature
Lockard2017-LOCUFG,2017,Using Focus Groups to Explore the Underrepresentation of Female-Identified Undergraduate Students in Philosophy,"Lockard, Claire A., Meskhidze, Helen, Wilson, Sean, Batchelor, Nim, Bloch{-}Schulman, Stephen, Cahill, Ann J.",Feminist Philosophy Quarterly,NA,ARTICLE,10.5206/fpq/2017.4.4,,University of Western Ontario
Sytsma2017-SYTTOS,2017,Two Origin Stories for Experimental Philosophy,"Sytsma, Justin",NA,NA,UNPUBLISHED,NA,,NA
Khoo2016-KHOMDA-3,2016,Moral Disagreement and Moral Semantics,"Khoo, Justin, Knobe, Joshua",Noûs,NA,ARTICLE,10.1111/nous.12151,,Wiley Online Library
Gomes2016-GOMMDT,2016,More Dead Than Dead? Attributing Mentality to Vegetative State Patients,"Gomes, Anil, Parrott, Matthew, Shepherd, Joshua",Philosophical Psychology,NA,ARTICLE,10.1080/09515089.2015.1048328,,NA
deBalbian2018-DEBEC,2018,Embodied Consciousness,"de Balbian, Ulrich",NA,NA,BOOK,NA,,Create Space
Antommaria2018-ANTPAT-6,2018,Parents? Attitudes Toward Consent and Data Sharing in Biobanks: A Multisite Experimental Survey,"Antommaria, Armand H. Matheny, Brothers, Kyle B., Myers, John A., Feygin, Yana B., Aufox, Sharon A., Brilliant, Murray H., Conway, Pat, Fullerton, Stephanie M., Garrison, Nanibaa? A., Horowitz, Carol R., Jarvik, Gail P., Li, Rongling, Ludman, Evette J., McCarty, Catherine A., McCormick, Jennifer B., Mercaldo, Nathaniel D., Myers, Melanie F., Sanderson, Saskia C., Shrubsole, Martha J., Schildcrout, Jonathan S., Williams, Janet L., Smith, Maureen E., Clayton, Ellen Wright, Holm, Ingrid A.",AJOB Empirical Bioethics,NA,ARTICLE,10.1080/23294515.2018.1505783,,NA
Alfano2016-ALFCLH,2016,"Christoph Luetge, Hannes Rusch, \& Matthias Uhl , Experimental Ethics: Toward an Empirical Moral Philosophy","Alfano, Mark",Ethical Theory and Moral Practice,NA,ARTICLE,10.1007/s10677-016-9724-7,,NA
Strohminger2018-STRROE-2,2018,"Review of Edouard Machery, Philosophy Within its Proper Bounds","Strohminger, Margot",Notre Dame Philosophical Reviews,NA,ARTICLE,NA,,NA
Jumbly2017-GRIECA-5,2017,Epistemic Contextualism as a Linguistic Thesis,"Jumbly, Grindrod",NA,NA,THESIS,NA,,NA
Mukerji2016-MUKEID,2016,Einführung in Die Experimentelle Philosophie,"Mukerji, Nikil",NA,NA,BOOK,NA,,Wilhelm Fink
Beebe2018-BEEECI,2018,Epistemic Closure in Folk Epistemology,"Beebe, James R., Monaghan, Jake",NA,"Oxford Studies in Experimental Philosophy, Volume Two",INCOLLECTION,NA,,Oxford University Press
Lim2018-LIMICI,2018,Is Compatibilism Intuitive?,"Lim, Daniel, Chen, Ju",Philosophical Psychology,NA,ARTICLE,10.1080/09515089.2018.1459534,,NA
Chemla2016-CHECWA,2016,Can We Agree About Agree?,"Chemla, Emmanuel, George, B. R.",Review of Philosophy and Psychology,NA,ARTICLE,10.1007/s13164-015-0278-8,,Springer Verlag
May2017-MAYEWI,2017,Empirical Work in Moral Psychology,"May, Joshua",NA,Routledge Encyclopedia of Philosophy,INCOLLECTION,NA,,NA
May2016-MAYBEO-5,2016,"Bound: Essays on Free Will and Responsibility, by Shaun Nichols: Oxford: Oxford University Press, 2015, Pp. Viii + 188, \pounds25","May, Joshua",Australasian Journal of Philosophy,NA,ARTICLE,10.1080/00048402.2015.1084344,,Routledge
Ulatowski2018-ULAITA,2018,Is There a Commonsense Semantic Conception of Truth?,"Ulatowski, Joseph",Philosophia,NA,ARTICLE,10.1007/s11406-017-9941-x,,Springer Verlag
Bear2017-BEANPD,2017,"Normality: Part Descriptive, Part Prescriptive","Bear, Adam, Knobe, Joshua",Cognition,NA,ARTICLE,10.1016/j.cognition.2016.10.024,,Elsevier Bv
DeBalbian2017-DEBKTI,2017,"Knowledge, Truth, Insight, Wisdom","Balbian, Ulrich De",NA,NA,BOOK,NA,,Academic Publications
Anstey2016-ANSEME,2016,Early Modern Experimental Philosophy,"Anstey, Peter R., Vanzo, Alberto",NA,Blackwell Companion to Experimental Philosophy,INCOLLECTION,NA,,Blackwell
Khoo2018-KHOQI,2018,Quasi Indexicals,"Khoo, Justin",Philosophy and Phenomenological Research,NA,ARTICLE,10.1111/phpr.12519,,NA
White2016-WHIRPL-2,2016,Remembering Past Lives,"White, Claire, Kelly, Robert M., Nichols, Shaun",NA,"Advances in Religion, Cognitive Science, and Experimental Philosophy",INCOLLECTION,NA,,Bloomsbury Academic
Bauer2016-BAUEIM,2016,"Empirisch Informierte Ma\s{s}e der Bedarfsgerechtigkeit. Zwischen Normativer Theorie, Mathematischer Formalisierung Und Empirischer Sozialforschung.","Bauer, Alexander Max",NA,forschen?studium. Tagungsband.,INCOLLECTION,NA,,Carl von Ossietzky Universita?t Oldenburg
Ziokowski2017-ZIKEOC,2017,Experimenting on Contextualism: Between-Subjects Vs. Within-Subjects,"Ziól{}kowski, Adrian",Teorema: International Journal of Philosophy,NA,ARTICLE,NA,,NA
Nichols2016-NICAR,2016,Ambiguous Reference,"Nichols, Shaun, Pinillos, N. Ángel, Mallon, Ron",Mind,NA,ARTICLE,10.1093/mind/fzv196,,NA
Pinder2017-PINDEP,2017,Does Experimental Philosophy Have a Role to Play in Carnapian Explication?,"Pinder, Mark",Ratio,NA,ARTICLE,10.1111/rati.12164,,NA
Affifi2016-AFFTSO,2016,The Semiosis of ?Side Effects? in Genetic Interventions,"Affifi, Ramsey",Biosemiotics,NA,ARTICLE,10.1007/s12304-016-9274-3,,NA
Pennycook2016-PENAAA-2,2016,Atheists and Agnostics Are More Reflective Than Religious Believers: Four Empirical Studies and a Meta-Analysis,"Pennycook, Gordon, Ross, Robert M., Koehler, Derek J., Fugelsang, Jonathan A.",PLoS ONE,NA,ARTICLE,NA,,NA
Roberts2018-ROBLIA-4,2018,Lay Intuitions About Epistemic Normativity,"Roberts, Pendaran, Andow, James, Schmitdtke, Kelly Ann",Synthese,NA,ARTICLE,10.1007/s11229-017-1371-6,,Springer
Polzler2018-PLZMRA-2,2018,Moral Reality and the Empirical Sciences,"Po?lzler, Thomas",NA,NA,BOOK,NA,,Routledge
Wiegmann2017-WIEEIT-2,2017,Empirically Investigating the Concept of Lying,"Wiegmann, Alex, Rutschmann, Ronja, Willemsen, Pascale Https://Orcidorg",Journal of the Indian Council of Philosophical Research,NA,ARTICLE,10.1007/s40961-017-0112-z,,Springer Nature
Rose2017-ROSFIO-3,2017,Folk Intuitions of Actual Causation: A Two-Pronged Debunking Explanation,"Rose, David",Philosophical Studies,NA,ARTICLE,10.1007/s11098-016-0762-8,,Springer Verlag
vanWoudenberg2017-VANMPD,2017,"Most Peers Don?T Believe It, Hence It is Probably False","van Woudenberg, René, van Eyghen, Hans",European Journal for Philosophy of Religion,NA,ARTICLE,10.24204/ejpr.v9i4.1987,,NA
OKeefe2018-OKEPEA,2018,Promoting Ethical and Prosocial Behavior: The Combined Effect of Ethical Leadership and Coworker Ethicality,"O?Keefe, Damian F., Messervey, Deanna, Squires, Erinn C.",Ethics and Behavior,NA,ARTICLE,10.1080/10508422.2017.1365607,,Informa Uk
VanLeeuwen2018-VANTFB-4,2018,The Factual Belief Fallacy,"Leeuwen, Neil Van",Contemporary Pragmatism,NA,ARTICLE,10.1163/18758185-01503004,,NA
Feltz2016-FELEPN,2016,Experimental Philosophy Needs to Matter: Reply to Andow and Cova,"Feltz, Adam, Cokely, Edward T., Nelson, Brittany",Philosophical Psychology,NA,ARTICLE,10.1080/09515089.2015.1125458,,NA
Turk2017-TURAIR,2017,"Advances in Religion, Cognitive Science, and Experimental Philosophy. Edited by Helen de Cruz and Ryan Nichols. London, Uk: Bloomsbury, 2016. 221 Pages. Us \$112.00","Turk, Mladen",Zygon,NA,ARTICLE,10.1111/zygo.12356,,NA
Chituc2016-CHIBNA,2016,"Blame, Not Ability, Impacts Moral ?Ought? Judgments for Impossible Actions: Toward an Empirical Refutation of ?Ought? Implies ?Can?","Chituc, Vladimir, Henne, Paul, Sinnott{-}Armstrong, Walter, Brigard, Felipe De",Cognition,NA,ARTICLE,10.1016/j.cognition.2016.01.013,,NA
Yan2016-YANOEP-2,2016,"On Experimental Philosophy, Morality and Meaning","Yan, Hektor K. T.",Philosophy,NA,ARTICLE,10.1017/s0031819115000625,,Cambridge University Press (Cup)
Barnard2017-BARTOO-23,2017,"The Objectivity of Truth, a Core Truism?","Barnard, Robert, Ulatowski, Joseph",Synthese,NA,ARTICLE,10.1007/s11229-017-1605-7,,Springer Verlag
Lewis2018-LEWPWI,2018,Philosophy Within its Proper Bounds by Édouard Machery,"Lewis, Jonathan",Metapsychology,NA,ARTICLE,NA,,NA
Paulo2017-PAULRA-3,2017,"Law, Reason, and Emotion? T??He Challenge From Empirical Ethics","Paulo, Norbert",Archiv für Rechts- und Sozialphilosophie,NA,ARTICLE,10.25162/arsp-2017-0012,,Franz Steiner
Weaver2018-WEAPIA,2018,Personal Identity and Persisting as Many,"Weaver, Sara, Turri, John",NA,"Oxford Studies in Experimental Philosophy, Volume 2",INCOLLECTION,NA,,Oxford University Press
Bjornsson2016-BJRTAE-2,2016,Traditional and Experimental Approaches to Free Will and Moral Responsibility,"Björnsson, Gunnar, Pereboom, Derk",NA,Blackwell Companion to Experimental Philosophy,INCOLLECTION,NA,,Blackwell
VanEyghen2018-VANDS-13,2018,Spirit Beliefs Debunked?,"Eyghen, Hans Van","Science, Religion and Culture",NA,ARTICLE,NA,,NA
Wang2016-WANTRO-10,2016,The Role of Intuition in Philosophical Practice,"Wang, Tinghao",NA,NA,THESIS,NA,,Digital Commons ? Lingnan University
Howick2017-HOWPMM,2017,Positive Messages May Reduce Patient Pain: A Meta-Analysis,"Howick, Jeremy, Mebius, Alexander",European Journal of Integrative Medicine,NA,ARTICLE,NA,,NA
Schwitzgebel2017-SCHWIP-12,2017,"Women in Philosophy: Quantitative Analyses of Specialization, Prevalence, Visibility, and Generational Change","Schwitzgebel, Eric, Jennings, Carolyn Dicey",Public Affairs Quarterly,NA,ARTICLE,NA,,NA
Schons2017-SCHSCB-5,2017,Should Charity Begin at Home? An Empirical Investigation of Consumers? Responses to Companies? Varying Geographic Allocations of Donation Budgets,"Schons, Laura Marie, Cadogan, John, Tsakona, Roumpini",Journal of Business Ethics,NA,ARTICLE,10.1007/s10551-015-2832-9,,Springer Nature
Khoo2018-KHONHF,2018,New Horizons for a Theory of Epistemic Modals,"Khoo, Justin, Phillips, Jonathan",Australasian Journal of Philosophy,NA,ARTICLE,10.1080/00048402.2018.1484499,,Routledge
Haug2018-HAUFCA,2018,"Fast, Cheap, and Unethical? The Interplay of Morality and Methodology in Crowdsourced Survey Research","Haug, Matthew C.",Review of Philosophy and Psychology,NA,ARTICLE,10.1007/s13164-017-0374-z,,Springer Verlag
Balaguer2016-BALCAA-5,2016,Conceptual Analysis and X-Phi,"Balaguer, Mark",Synthese,NA,ARTICLE,10.1007/s11229-015-0848-4,,Springer Nature
Pelletier2018-PELBQA,2018,Being Quasi-Moved: A View From the Lab,"Pelletier, Je?ro?me",NA,Advances in Experimental Philosophy of Aesthetics,INCOLLECTION,NA,,Bloomsbury Academic
Vonasch2017-VONUSE,2017,Unjustified Side Effects Were Strongly Intended: Taboo Tradeoffs and the Side-Effect Effect,"Vonasch, Andy, Baumeister, Roy",Journal of Experimental Social Psychology,NA,ARTICLE,NA,,NA
Barnard2017-BARTAT-26,2017,"Thinking About the Liar, Fast and Slow","Barnard, Robert, Ulatowski, Joseph, Weinberg, Jonathan",NA,Reflections on the Liar,INCOLLECTION,NA,,Oxford University
Ueda2018-UEDCDI,2018,Cultural Differences in Visual Search for Geometric Figures,"Ueda, Yoshiyuki, Chen, Lei, Kopecky, Jonathon, Cramer, Emily S., Rensink, Ronald A., Meyer, David E., Kitayama, Shinobu, Saiki, Jun",Cognitive Science,NA,ARTICLE,10.1111/cogs.12490,,NA
Koscholke2017-KOSPCM,2017,Probabilistic Coherence Measures: A Psychological Study of Coherence Assessment,"Koscholke, Jakob, Jekel, Marc",Synthese,NA,ARTICLE,10.1007/s11229-015-0996-6,,Springer Nature
Gerken2018-GERM-10,2018,Metaepistemology,"Gerken, Mikkel",NA,Routledge Encyclopedia of Philosophy,INCOLLECTION,NA,,NA
Protopapadakis2018-PROTIA-2,2018,Thinking in Action,NA,NA,NA,BOOK,NA,,The NKUA Applied Philosophy Research Lab Press
Polonioli2017-POLNIF-2,2017,New Issues for New Methods: Ethical and Editorial Challenges for an Experimental Philosophy,"Polonioli, Andrea",Science and Engineering Ethics,NA,ARTICLE,10.1007/s11948-016-9838-2,,Springer Verlag
Plakias2016-PLAMTA-4,2016,Metaethics: Traditional and Empirical Approaches,"Plakias, Alexandra",NA,Blackwell Companion to Experimental Philosophy,INCOLLECTION,NA,,Blackwell
Horvath2016-HORIEA,2016,Intuitive Expertise and Intuitions About Knowledge,"Horvath, Joachim, Wiegmann, Alex",Philosophical Studies,NA,ARTICLE,10.1007/s11098-016-0627-1,,Springer Verlag
Longworth2018-LONTOA-8,2018,The Ordinary and the Experimental: Cook Wilson and Austin on Method in Philosophy,"Longworth, Guy",British Journal for the History of Philosophy,NA,ARTICLE,10.1080/09608788.2017.1413539,,Routledge
Bahr2016-BAHYTC,2016,Yes There Can! Rehabilitating Philosophy as a Scientific Discipline,"Bahr, Amrei, Becker, Charlott, Trueper, Christoph P.",NA,Ernest Sosa: Targeting His Philosophy,INCOLLECTION,NA,,Springer
Khoo2018-KHODAC,2018,Disjunctive Antecedent Conditionals,"Khoo, Justin",Synthese,NA,ARTICLE,10.1007/s11229-018-1877-6,,Springer Verlag
Pust2017-PUSI,2017,Intuition,"Pust, Joel",NA,Stanford Encyclopedia of Philosophy,INCOLLECTION,NA,,NA
DeFreitas2017-DEFNJA,2017,Normative Judgments and Individual Essence,"Freitas, Julian De, Tobia, Kevin P., Newman, George E., Knobe, Joshua",Cognitive Science,NA,ARTICLE,10.1111/cogs.12364,,NA
Wang2018-WANTEC,2018,The Experimental Critique and Philosophical Practice,"Wang, Tinghao",Philosophical Psychology,NA,ARTICLE,10.1080/09515089.2017.1396310,,Informa Uk
Cova2017-COVIAA,2017,Intentional Action and the Frame-of-Mind Argument: New Experimental Challenges to Hindriks,"Cova, Florian",Philosophical Explorations,NA,ARTICLE,10.1080/13869795.2016.1234638,,Routledge
Martin2017-MARFWB,2017,Free Will Beliefs Predict Attitudes Toward Unethical Behavior and Criminal Punishment,"Martin, Nathan D., Rigoni, Davide, Vohs, Kathleen D.",Proceedings of the National Academy of Sciences,NA,ARTICLE,NA,,NA
Rose2017-ROSAIE-3,2017,Experimental Metaphysics,NA,NA,NA,BOOK,NA,,Bloomsbury Academic
Charness2018-CHAPOA-7,2018,"Predictors of Attitudes Toward Autonomous Vehicles: The Roles of Age, Gender, Prior Knowledge, and Personality","Charness, Neil, Yoon, Jong Sung, Souders, Dustin, Stothart, Cary, Yehnert, Courtney",Frontiers in Psychology,NA,ARTICLE,10.3389/fpsyg.2018.02589,,NA
Rose2017-ROSNPA-4,2017,Neuroscientific Prediction and the Intrusion of Intuitive Metaphysics,"Rose, David, Buckwalter, Wesley, Nichols, Shaun",Cognitive Science,NA,ARTICLE,10.1111/cogs.12310,,NA
Proft2018-PROWIT-5,2018,What is the Cognitive Basis of the Side-Effect Effect? An Experimental Test of Competing Theories,"Proft, Marina, Dieball, Alexander, Rakoczy, Hannes",Mind and Language,NA,ARTICLE,10.1111/mila.12197,,Blackwell
Turri2016-TURKAA,2016,Knowledge and Assertion in ?Gettier? Cases,"Turri, John",Philosophical Psychology,NA,ARTICLE,10.1080/09515089.2016.1154140,,NA
Nancekivell2017-NANSBT-2,2017,She Bought the Unicorn From the Pet Store: Six- to Seven-Year-Olds Are Strongly Inclined to Generate Natural Explanations,"Nancekivell, Shaylene E., Friedman, Ori",Developmental Psychology,NA,ARTICLE,10.1037/dev0000311,,NA
Tehrani2016-TEHTRB,2016,The Relationship Between Religious Attitudes and Psychological Well-Being of Nurses Working in Health Centers in Qom University of Medical Sciences in 2014,"Tehrani, Tahmineh Dadkhah, Habibian, Nafiseh, Ahmadi, Reza","Health, Spirituality and Medical Ethics",NA,ARTICLE,NA,,Qom University of Medical Sciences
Colombo2016-COLEJM,2016,"Explanatory Judgment, Moral Offense and Value-Free Science","Colombo, Matteo, Bucher, Leandra, Inbar, Yoel",Review of Philosophy and Psychology,NA,ARTICLE,10.1007/s13164-015-0282-z,,Springer Verlag
Bruner2018-BRUDLI,2018,David Lewis in the Lab: Experimental Results on the Emergence of Meaning,"Bruner, Justin, O?Connor, Cailin, Rubin, Hannah, Huttegger, Simon M.",Synthese,NA,ARTICLE,10.1007/s11229-014-0535-x,,Springer Nature
Tobia2016-TOBDRB-2,2016,Does Religious Belief Impact Philosophical Analysis?,"Tobia, Kevin P.","Religion, Brain and Behavior",NA,ARTICLE,NA,,NA
Hansen2017-HANCAS-2,2017,"Color Adjectives, Standards, and Thresholds: An Experimental Investigation","Hansen, Nat, Chemla, Emmanuel",Linguistics and Philosophy,NA,ARTICLE,10.1007/s10988-016-9202-7,,Springer
Rose2017-ROSFMI,2017,Folk Mereology is Teleological,"Rose, David, Schaffer, Jonathan",Noûs,NA,ARTICLE,10.1111/nous.12123,,Wiley-Blackwell
Turri2017-TURKAI,2017,Knowledge Attributions in Iterated Fake Barn Cases,"Turri, John",Analysis,NA,ARTICLE,10.1093/analys/anx036,,Oxford University Press (Oup)
Castermans2016-CASGGF-3,2016,Glammap: Geovisualization for e-Humanities,"Castermans, Thom, Speckmann, Bettina, Verbeek, Kevin, Westenberg, Michel A., Betti, Arianna, Berg, Hein Van Den",NA,2016 Workshop on Visualization for the Digital Humanities,INCOLLECTION,NA,,NA
Feldman2018-FELLBA,2018,Laypersons? Beliefs and Intuitions About Free Will and Determinism: New Insights Linking the Social Psychology and Experimental Philosophy Paradigms,"Feldman, Gilad, Chandrashekar, Subramanya Prasad Mgmt",Social Psychological and Personality Science,NA,ARTICLE,NA,,NA
Icard2017-ICANAA,2017,Normality and Actual Causal Strength,"Icard, Thomas F., Kominsky, Jonathan F., Knobe, Joshua",Cognition,NA,ARTICLE,10.1016/j.cognition.2017.01.010,,Elsevier Bv
Machery2016-MACEPO-3,2016,Experimental Philosophy of Science,"Machery, Edouard",NA,Blackwell Companion to Experimental Philosophy,INCOLLECTION,NA,,Blackwell
Nado2016-NADTID,2016,The Intuition Deniers,"Nado, Jennifer",Philosophical Studies,NA,ARTICLE,10.1007/s11098-015-0519-9,,Digital Commons ? Lingnan University
Hansen2018-HANJWI,2018,"Just What is It That Makes Travis's Examples so Different, so Appealing?","Hansen, Nat",NA,"The Philosophy of Charles Travis: Language, Thought, and Perception",INCOLLECTION,NA,,Oxford University Press
Ziokowski2016-ZIKFIA,2016,Folk Intuitions and the No-Luck-Thesis,"Ziól{}kowski, Adrian",Episteme,NA,ARTICLE,10.1017/epi.2015.49,,NA
Machery2017-MACPWI,2017,Philosophy Within its Proper Bounds,"Machery, Edouard",NA,NA,BOOK,NA,,Oxford University Press
Nichols2018-NICSAT-10,2018,Skepticism and the Acquisition of ?Knowledge?,"Nichols, Shaun, Pinillos, N. Ángel",Mind and Language,NA,ARTICLE,10.1111/mila.12179,,Blackwell
Hansen2017-HANMWM,2017,Must We Measure What We Mean?,"Hansen, Nat",Inquiry: An Interdisciplinary Journal of Philosophy,NA,ARTICLE,10.1080/0020174x.2017.1310669,,Taylor \& Francis
VanLeeuwen2017-VANDRQ,2017,Do Religious ?Beliefs? Respond to Evidence?,"Leeuwen, Neil Van",Philosophical Explorations,NA,ARTICLE,10.1080/13869795.2017.1287294,,Routledge
Rubin2018-RUBEEF,2018,Experimental Economics for Philosophers,"Rubin, Hannah, O'Connor, Cailin, Bruner, Justin",NA,NA,UNPUBLISHED,NA,,NA
Skorburg2018-SKOJAA,2018,Jane Addams as Experimental Philosopher,"Skorburg, Joshua August",British Journal for the History of Philosophy,NA,ARTICLE,10.1080/09608788.2017.1336985,,Routledge
Betti2017-BETPBC,2017,?Philostei: Building Corpora for Philosophers,"Betti, Arianna, Reynaert, Martin, Berg, Hein Van Den",NA,Clarin in the Low Countries,INCOLLECTION,NA,,NA
Paul2016-PAUEMA-5,2016,"Experience, Metaphysics, and Cognitive Science","Paul, Laurie",NA,Blackwell Companion to Experimental Philosophy,INCOLLECTION,NA,,Blackwell
Waterman2017-WATKCA,2017,"Knowledge, Certainty, and Skepticism: A Cross-Cultural Study","Waterman, John Philip, Gonnerman, Chad, Yan, Karen, Alexander, Joshua",NA,Epistemology for the rest of the world,INCOLLECTION,NA,,Oxford University Press
Andow2016-ANDWCI-3,2016,Why Compatibilist Intuitions Are Not Mistaken: A Reply to Feltz and Millan,"Andow, James, Cova, Florian",Philosophical Psychology,NA,ARTICLE,10.1080/09515089.2015.1082542,,Taylor \& Francis
Kaluzinski2018-KALJA,2018,"Jussi Haukioja, Advances in Experimental Philosophy of Language, London, New York: Bloomsbury Academic, 2015, 204 Pp., Us\$68.40 , Isbn 978-1-4725-7073-4","Kaluziński, Bartosz",Dialectica,NA,ARTICLE,10.1111/1746-8361.12212,,Wiley
Kneer2018-KNEICE,2018,"Intention, Cause, Et Responsabilité: Mens Rea Et Effet Knobe","Kneer, Markus, Gironde, Sacha Bourgeois",NA,"Causalité, Responsabilité et Contribution à la Dette",INCOLLECTION,NA,,NA
Figdor2016-FIGEPA,2016,Experimental Philosophy and the Underrepresentation of Women,"Figdor, Carrie, Drabek, Matt L.",NA,Blackwell Companion to Experimental Philosophy,INCOLLECTION,NA,,Blackwell
Rosas2018-ROSIAB-2,2018,Is a Bad Will a Weak Will? Cognitive Dispositions Modulate Folk Attributions of Weakness of Will,"Rosas, Alejandro, Bermúdez, Juan Pablo, Cabrera, Jesús Antonio Gutiérrez",Philosophical Explorations,NA,ARTICLE,10.1080/13869795.2018.1457709,,Routledge
Beebe2016-BEEIAC,2016,Individual and Cross-Cultural Differences in Semantic Intuitions: New Experimental Findings,"Beebe, James R., Undercoffer, Ryan",Journal of Cognition and Culture,NA,ARTICLE,10.1163/15685373-12342182,,Brill Academic Publishers
Mott2018-MOTSOL,2018,Statutes of Limitations and Personal Identity,"Mott, Christian",NA,"Oxford Studies in Experimental Philosophy, Volume Two",INCOLLECTION,NA,,Oxford University Press
Castroviejo2018-CASTSO-43,2018,"The Semantics of Gradability, Vagueness and Scale Structure","Castroviejo, Elena, McNally, Louise, Sassoon, Galit W.",NA,NA,BOOK,NA,,Springer
Turri2018-TURENH,2018,Exceptionalist Naturalism: Human Agency and the Causal Order,"Turri, John",Quarterly Journal of Experimental Psychology,NA,ARTICLE,NA,,NA
Wilkenfeld2016-WILDAD-7,2016,Depth and Deference: When and Why We Attribute Understanding,"Wilkenfeld, Daniel A., Plunkett, Dillon, Lombrozo, Tania",Philosophical Studies,NA,ARTICLE,10.1007/s11098-015-0497-y,,Springer Verlag
Wyatt2018-WYATIE,2018,Truth in English and Elsewhere: An Empirically-Informed Functionalism,"Wyatt, Jeremy",NA,Pluralisms in Truth and Logic,INCOLLECTION,NA,,Palgrave Macmillan
Reuter2018-REUTD,2018,Transformative Decisions,"Reuter, Kevin, Messerli, Michael",Journal of Philosophy,NA,ARTICLE,10.5840/jphil2018115620,,Journal of Philosophy
Reuter2018-REUDCC,2018,Dual Character Concepts,"Reuter, Kevin Https://Orcidorg",Philosophy Compass,NA,ARTICLE,10.1111/phc3.12557,,Wiley-Blackwell Publishing
Tobia2018-TOBHPJ,2018,How People Judge What is Reasonable,"Tobia, Kevin P.",Alabama Law Review,NA,ARTICLE,NA,,NA
Weinberg2016-WEIGPB-2,2016,Going Positive by Going Negative,"Weinberg, Jonathan M.",NA,Blackwell Companion to Experimental Philosophy,INCOLLECTION,NA,,Blackwell
Hamdo2018-HAMIAI-2,2018,Intuition: An Integrated Account,"Hamdo, Manhal",Arts and Education International Research Journal,NA,ARTICLE,NA,,NA
Katarzyna2016-KATTEO-17,2016,The Effect of Self Epistemic Authority on Compliance with Expert Recommendations,"Katarzyna, Stasiuk, Renata, Maksymiuk, Yoram, Bar{-}Tal",Polish Psychological Bulletin,NA,ARTICLE,10.1515/ppb-2016-0020,,De Gruyter Open
Sytsma2018-SYTOEP-2,2018,On Experimental Philosophy and the History of Philosophy: Extended Remarks,"Sytsma, Justin, Livengood, Jonathan",NA,NA,UNPUBLISHED,NA,,NA
Cova2016-COVTFC,2016,The Folk Concept of Intentional Action: Empirical Approaches,"Cova, Florian",NA,Blackwell Companion to Experimental Philosophy,INCOLLECTION,NA,,Blackwell
Stich2017-STIODD,2017,"O Desafio da Filosofia Experimental À ""Grande Tradiç~{a}o""","Stich, Stephen, Tobia, Kevin",Analytica. Revista de Filosofia,NA,ARTICLE,10.35920/arf.v20i2.13936,,NA
Boudry2016-BOUDIB,2016,Disbelief in Belief: On the Cognitive Status of Supernatural Beliefs,"Boudry, Maarten, Coyne, Jerry",Philosophical Psychology,NA,ARTICLE,10.1080/09515089.2015.1110852,,NA
Rejewska2018-REJTKE,2018,The Knobe Effect From the Perspective of Normative Orders,"Rejewska, Julia, MichałObidziński, Waleszczyński, Andrzej",Studia Humana,NA,ARTICLE,10.2478/sh-2018-0019,,Sciendo
Nichols2018-NICDAT-3,2018,Death and the Self,"Nichols, Shaun, Strohminger, Nina, Rai, Arun, Garfield, Jay",Cognitive Science,NA,ARTICLE,10.1111/cogs.12590,,NA
Lim2018-LIMREP,2018,"Rhetoric, Experimental Philosophy, and Irrelevance","Lim, Daniel",American Journal of Bioethics Neuroscience,NA,ARTICLE,10.1080/21507740.2018.1496170,,NA
Reuter2017-REUHNT,2017,How Not to Characterise a Hard Choice,"Reuter, Kevin, Messerli, Michael",Ratio,NA,ARTICLE,10.1111/rati.12169,,Wiley-Blackwell Publishing
Turri2017-TURKCA-3,2017,Knowledge Central: A Central Role for Knowledge Attributions in Social Evaluations,"Turri, John, Friedman, Ori, Keefner, Ashley",Quarterly Journal of Experimental Psychology,NA,ARTICLE,10.1080/17470218.2015.1136339,,NA
Aguiar2018-AGUIAE,2018,Internal and External Validity in Experimental Ethics and Economics,"Aguiar, Fernando",Proceedings of the XXIII World Congress of Philosophy,NA,ARTICLE,10.5840/wcp23201849995,,NA
Hom2016-HOMROH-3,2016,"Role of Hindsight Bias, Ethics, and Self-Other Judgments in Students? Evaluation of an Animal Experiment","Hom, Harry L., Kaiser, Donn L.",Ethics and Behavior,NA,ARTICLE,10.1080/10508422.2014.963223,,Routledge
Messerli2017-MESHCO,2017,Hard Cases of Comparison,"Messerli, Michael, Reuter, Kevin",Philosophical Studies,NA,ARTICLE,10.1007/s11098-016-0796-y,,Springer Verlag
Barnard2016-BARTP-8,2016,Tarski?s 1944 Polemical Remarks and Naess? ?Experimental Philosophy?,"Barnard, Robert, Ulatowski, Joseph",Erkenntnis,NA,ARTICLE,10.1007/s10670-015-9750-1,,Springer Nature
Cova2018-COVCTE,2018,Correction To: Estimating the Reproducibility of Experimental Philosophy,"Cova, Florian, Strickland, Brent, Abatista, Angela, Allard, Aurélien, Andow, James, Attie, Mario, Beebe, James, Berniūnas, Renatas, Boudesseul, Jordane, Colombo, Matteo, Cushman, Fiery, Diaz, Rodrigo, van Dongen, Noah N?Djaye Nikolai, Dranseika, Vilius, Earp, Brian D., Torres, Antonio Gaitán, Hannikainen, Ivar, Hernández{-}Conde, José V., Hu, Wenjia, Jaquet, François, Khalifa, Kareem, Kim, Hanna, Kneer, Markus, Knobe, Joshua, Kurthy, Miklos, Lantian, Anthony, Liao, Shen{-}yi, Machery, Edouard, Moerenhout, Tania, Mott, Christian, Phelan, Mark, Phillips, Jonathan, Rambharose, Navin, Reuter, Kevin, Romero, Felipe, Sousa, Paulo, Sprenger, Jan, Thalabard, Emile, Tobia, Kevin, Viciana, Hugo, Wilkenfeld, Daniel, Zhou, Xiang",Review of Philosophy and Psychology,NA,ARTICLE,10.1007/s13164-018-0407-2,,Springer Verlag
Irving2018-IRVWDQ,2018,What Does ?Mind-Wandering? Mean to the Folk? An Empirical Investigation,"Irving, Zachary C., Glasser, Aaron, Gopnik, Alison, Sripada, Chandra Sekhar",NA,NA,UNPUBLISHED,NA,,Oxford University Press
Roger2017-MCDIIT,2017,Investigation Into the Personal Epistemology of Computer Science Students,"Roger, McDermott, Iain, Pirie, Asa, Cajander, Mats, Daniels, Cary, Laxer",NA,NA,UNPUBLISHED,NA,,Acm
Telech2016-TELNAM-2,2016,Nietzsche and Moral Psychology,"Telech, Daniel, Leiter, Brian",NA,Blackwell Companion to Experimental Philosophy,INCOLLECTION,NA,,Blackwell
Korman2017-KORWDT,2017,What Do the Folk Think About Composition and Does It Matter?,"Korman, Daniel Z., Carmichael, Chad",NA,Experimental Metaphysics,INCOLLECTION,NA,,Bloomsbury Academic
Kahane2018-KAHBSH,2018,Beyond Sacrificial Harm: A Two-Dimensional Model of Utilitarian Psychology,"Kahane, Guy, Everett, Jim A. C., Earp, Brian D., Caviola, Lucius, Faber, Nadira S., Crockett, Molly J., Savulescu, Julian",Psychological Review,NA,ARTICLE,10.1037/rev0000093,,NA
Mallon2016-MALEP,2016,Experimental Philosophy,"Mallon, Ron",NA,The Oxford Handbook of Philosophical Methodology,INCOLLECTION,NA,,Oxford University Press
Livengood2016-LIVFTF,2016,Following the Fad: Folk Attributions and Theories of Actual Causation,"Livengood, Jonathan, Sytsma, Justin, Rose, David",NA,NA,UNPUBLISHED,NA,,NA
Yu2016-YUSSO,2016,Spatial Subsystem of Moral Metaphors: A Cognitive Semantic Study,"Yu, Ning, Wang, Tianfang, He, Yingliang",Metaphor and Symbol,NA,ARTICLE,10.1080/10926488.2016.1223470,,NA
Michael2018-MICTGK,2018,?The Group Knobe Effect?: Evidence That People Intuitively Attribute Agency and Responsibility to Groups,"Michael, John Andrew, Szigeti, András",Philosophical Explorations,NA,ARTICLE,10.1080/13869795.2018.1492007,,Routledge
Turri2017-TURHOE,2017,How ?Ought? Exceeds but Implies ?Can?: Description and Encouragement in Moral Judgment,"Turri, John",Cognition,NA,ARTICLE,10.1016/j.cognition.2017.07.008,,Elsevier Bv
Kim2016-KIMWIY,2016,Where is Your Pain? A Cross-Cultural Comparison of the Concept of Pain in Americans and South Korea,"Kim, Hyo{-}eun, Poth, Nina, Reuter, Kevin, Sytsma, Justin",Studia Philosophica Estonica,NA,ARTICLE,10.12697/spe.2016.9.1.06,,NA
Jennifer2016-JENIOI-2,2016,Impossible or Improbable: The Difficulty of Imagining Morally Deviant Worlds.,"Jennifer, Barnes, Jessica, Black","Imagination, Cognition and Personality",NA,ARTICLE,NA,,NA
Calvente2017-CALAPA-5,2017,Algunas Precisiones Acerca de la Filosofía Moral Experimental de David Hume,"Calvente, Sofia",Manuscrito,NA,ARTICLE,10.1590/0100-6045.2017.v40n3.sc,,NA
Chan2016-CHAFWA-4,2016,Free Will and Experimental Philosophy,"Chan, Hoi{-}Yee, Deutsch, Max, Nichols, Shaun",NA,Blackwell Companion to Experimental Philosophy,INCOLLECTION,NA,,Blackwell
Turri2016-TURANP-4,2016,A New Paradigm for Epistemology From Reliabilism to Abilism,"Turri, John",Ergo: An Open Access Journal of Philosophy,NA,ARTICLE,10.3998/ergo.12405314.0003.008,,"Mi: Michigan Publishing, University of Michigan Library"
Turri2018-TUREMA-2,2018,Epistemic Modals and Alternative Possibilities,"Turri, John",Erkenntnis,NA,ARTICLE,10.1007/s10670-017-9929-8,,Springer Verlag
Barbarossa2016-BARPAN,2016,Positive and Negative Antecedents of Purchasing Eco-Friendly Products: A Comparison Between Green and Non-Green Consumers,"Barbarossa, Camilla, Pelsmacker, Patrick De",Journal of Business Ethics,NA,ARTICLE,10.1007/s10551-014-2425-z,,Springer Nature
PerezOtero2017-PRETOR-2,2017,"Theories of Reference, Experimental Philosophy, and the Calibration of Intuitions","Otero, Manuel Pérez","Theoria : An International Journal for Theory, History and Fundations of Science",NA,ARTICLE,NA,,Euskal Herriko Unibertsitatea / Universidad Del País Vasco
Cruz2016-CRUHDP-3,2016,How Do Philosophers Evaluate Natural Theological Arguments? An Experimental Philosophical Investigation.,"Cruz, Helen De",NA,"Advances in Religion, Cognitive Science, and Experimental Philosophy",INCOLLECTION,NA,,Bloomsbury Academic
Deutsch2016-DEUAIA,2016,"Arguments, Intuitions, and Philosophical Cases: A Note on a Metaphilosophical Dialectic","Deutsch, Max",Philosophical Forum,NA,ARTICLE,10.1111/phil.12124,,NA
Gottlieb2018-GOTFTI,2018,Folk Theories in the Moral Domain,"Gottlieb, Sara, Lombrozo, Tania",NA,Atlas of Moral Psychology,INCOLLECTION,NA,,Guilford
Bickle2018-BICLFE,2018,Lessons for Experimental Philosophy From the Rise and ?Fall? of Neurophilosophy,"Bickle, John",Philosophical Psychology,NA,ARTICLE,10.1080/09515089.2018.1512705,,NA
Lombrozo2018-BEEOSI,2018,"Oxford Studies in Experimental Philosophy, Volume Two",NA,NA,NA,BOOK,NA,,Oxford University Press
Samuels2016-SAMTCO-11,2016,The Concept of Innateness as an Object of Empirical Enquiry,"Samuels, Richard",NA,Blackwell Companion to Experimental Philosophy,INCOLLECTION,NA,,Blackwell
Khoo2017-KHOTDC,2017,The Disagreement Challenge to Contextualism,"Khoo, Justin",NA,The Routledge Handbook of Epistemic Contextualism,INCOLLECTION,NA,,Routledge
Roger2017-MCDCOR-7,2017,Contemplations on Results From Investigating the Personal Epistemology of Computing Students,"Roger, McDermott, Iain, Pirie, Cary, Laxer, Asa, Cajander, Mats, Daniels",NA,NA,UNPUBLISHED,NA,,Ieee
Hannikainen2018-HANIUS,2018,Is Utilitarian Sacrifice Becoming More Morally Permissible?,"Hannikainen, Ivar R., Machery, Edouard, Cushman, Fiery A.",Cognition,NA,ARTICLE,10.1016/j.cognition.2017.09.013,,Elsevier Bv
Buckwalter2016-BUCPWO-2,2016,Perceived Weaknesses of Philosophical Inquiry: A Comparison to Psychology,"Buckwalter, Wesley, Turri, John",Philosophia,NA,ARTICLE,10.1007/s11406-015-9680-9,,Springer Verlag
Mizrahi2016-MIZTHO,2016,The History of Science as a Graveyard of Theories: A Philosophers? Myth?,"Mizrahi, Moti",International Studies in the Philosophy of Science,NA,ARTICLE,10.1080/02698595.2017.1316113,,Routledge
Persad2017-PERPPA-5,2017,Public Preferences About Fairness and the Ethics of Allocating Scarce Medical Interventions,"Persad, Govind",NA,"Interdisciplinary Perspectives on Fairness, Equity, and Justice",INCOLLECTION,NA,,Springer
Cowley-Cunningham2017-COWTIV,2017,?the Innocent V the Fickle Few?: How Jurors Understand Random-Match-Probabilities and Judges? Directions When Reasoning About Dna and Refuting Evidence,"Cowley{-}Cunningham, Michelle B.",Journal of Forensic Science and Criminal Investigation,NA,ARTICLE,NA,,NA
Schwitzgebel2016-SCHTBO-48,2016,The Behavior of Ethicists,"Schwitzgebel, Eric, Rust, Joshua",NA,Blackwell Companion to Experimental Philosophy,INCOLLECTION,NA,,Blackwell
VanEyghen2018-VANISB-2,2018,Is Supernatural Belief Unreliably Formed?,"Eyghen, Hans Van",International Journal for Philosophy of Religion,NA,ARTICLE,10.1007/s11153-018-9671-4,,Springer Verlag
DeCruz2018-DECRD-3,2018,Religious Disagreement,"Cruz, Helen De",NA,NA,BOOK,NA,,Cambridge University Press
Tobia2016-TOBPID,2016,"Personal Identity, Direction of Change, and Neuroethics","Tobia, Kevin Patrick",Neuroethics,NA,ARTICLE,10.1007/s12152-016-9248-9,,Springer Verlag
Humbert-Droz2018-HUMAAT-3,2018,Aphantasia and the Decay of Mental Images,"Humbert{-}Droz, Steve",NA,Advances in Experimental Philosophy of Aesthetics,INCOLLECTION,NA,,Bloomsbury Academic
Roberts2016-ROBFIA-3,2016,Folk Intuitions About the Causal Theory of Perception,"Roberts, Pendaran, Allen, Keith, Schmidtke, Kelly Ann",Ergo: An Open Access Journal of Philosophy,NA,ARTICLE,10.3998/ergo.12405314.0003.028,,"Mi: Michigan Publishing, University of Michigan Library"
Nado2017-NADDI-2,2017,Demythologizing Intuition,"Nado, Jennifer Ellen",Inquiry: An Interdisciplinary Journal of Philosophy,NA,ARTICLE,10.1080/0020174x.2016.1220639,,Digital Commons ? Lingnan University
Havlik2018-HAVDPF,2018,Do Personality Features Influence Our Intuitions of the Mind-Body Problem? A Pilot Study,"Havlík, Marek, Mladá, Karolína, Fajnerová, Iveta, Horáv{c}ek, Jiř'i",Frontiers in Psychology,NA,ARTICLE,10.3389/fpsyg.2018.01219,,NA
Strohminger2017-STRTTS-2,2017,The True Self: A Psychological Concept Distinct From the Self,"Strohminger, Nina, Knobe, Joshua, Newman, George",Perspectives on Psychological Science,NA,ARTICLE,NA,,NA
Beddor2018-BEDMDB,2018,Might Do Better: Flexible Relativism and the Qud,"Beddor, Bob, Egan, Andy",Semantics and Pragmatics,NA,ARTICLE,NA,,NA
Ulatowski2017-ULACPA,2017,Commonsense Pluralism About Truth: An Empirical Defence,"Ulatowski, Joseph",NA,NA,BOOK,NA,,Palgrave Macmillan
Wysocki2016-WYSAOI-3,2016,Arguments Over Intuitions?,"Wysocki, Tomasz",Review of Philosophy and Psychology,NA,ARTICLE,10.1007/s13164-016-0301-8,,Springer Verlag
Hetherington2018-HETTGP-3,2018,The Gettier Problem,NA,NA,NA,BOOK,NA,,Cambridge University Press
Turri2018-TURKAA-4,2018,Knowledge and Assertion in Korean,"Turri, John, Park, YeounJun",Cognitive Science,NA,ARTICLE,10.1111/cogs.12621,,NA
Tian2016-TIAPFC,2016,Philosophy for Children with Learners of English as a Foreign Language,"Tian, Shiauping, Liao, Pei{-}Fen",Journal of Philosophy in Schools,NA,ARTICLE,10.21913/jps.v3i1.1299,,Ubiquity Press
Gubler2018-GUBVAA,2018,"Violence, Aggression, and Ethics: The Link Between Exposure to Human Violence and Unethical Behavior","Gubler, Joshua R., Herrick, Skye, Price, Richard A., Wood, David A.",Journal of Business Ethics,NA,ARTICLE,10.1007/s10551-015-2926-4,,Springer Nature
DelPinal2017-DELDCC,2017,Dual Character Concepts in Social Cognition: Commitments and the Normative Dimension of Conceptual Representation,"Pinal, Guillermo Del, Reuter, Kevin Https://Orcidorg",Cognitive Science,NA,ARTICLE,10.1111/cogs.12456,,Wiley-Blackwell Publishing
